Datum;Argentinierstraße;Donaukanal;Langobardenstraße;Lassallestraße;Liesingbach;Neubaugürtel ;Opernring Innen;Opernring Außen;Opernring;Wienzeile;Margaritensteg ;Operngasse;Praterstern;Pfeilgasse;Praterbrücke;Friedrich-Engels-Platz;Kraftwerk Freudenau;Maria-Restituta-Platz;Steinitzsteg;Herndlgasse
20250101;664;188;143;408;63;279;479;277;756;267;0;591;477;336;288;89;55;71;223;157
20250102;1159;270;201;797;100;474;798;465;1263;386;0;1343;959;439;458;156;34;134;392;276
20250103;1271;305;277;907;122;604;1046;592;1638;476;0;1533;1096;593;596;201;74;188;439;358
20250104;950;402;266;770;129;530;933;521;1454;397;0;1100;908;489;592;163;118;149;485;351
20250105;685;85;146;383;74;259;429;247;676;198;0;668;443;222;136;93;10;61;143;195
20250106;1233;266;229;691;104;457;784;445;1229;358;0;1096;799;446;446;143;69;129;310;283
20250107;2561;456;378;1322;225;1014;1725;996;2721;769;0;3033;1932;1319;872;250;59;229;679;529
20250108;3101;736;509;1775;302;1417;2404;1395;3799;1091;0;3776;2678;1732;1416;407;206;400;1162;717
20250109;3269;668;598;1741;298;1306;2219;1282;3501;1084;0;4253;2627;1896;1398;379;174;389;1063;778
20250110;2466;508;472;1415;250;1125;1919;1106;3025;790;0;3030;2105;1320;920;268;105;279;824;648
20250111;1356;394;244;839;155;686;1217;676;1893;487;0;1454;1151;737;715;198;105;186;495;409
20250112;1146;252;190;538;106;461;795;430;1225;314;0;1152;801;474;357;144;67;140;271;314
20250113;2684;498;444;1356;224;1099;1870;1078;2948;883;0;3256;2248;1466;1007;360;93;305;796;636
20250114;3073;569;494;1734;277;1221;2088;1197;3285;1024;0;3701;2455;1553;1322;362;168;332;1021;651
20250115;2487;311;415;1129;173;795;1338;778;2116;609;0;2747;1816;1063;793;275;58;241;571;451
20250116;3133;460;510;1601;235;1103;1881;1082;2963;898;0;3432;2405;1417;1009;384;125;325;842;660
20250117;2621;488;464;1339;216;1032;1776;1011;2787;790;0;2946;2009;1280;1033;350;131;290;764;607
20250118;1384;287;251;757;139;641;1141;632;1773;434;0;1405;1072;673;511;201;101;140;422;393
20250119;1146;291;206;600;132;501;847;467;1314;411;0;1181;812;507;431;183;73;127;378;342
20250120;2549;398;402;1107;204;956;1607;937;2544;784;0;2873;1632;1266;766;280;74;245;598;560
20250121;2790;365;425;1162;209;1001;1715;980;2695;785;0;3156;1833;1286;837;287;70;273;605;542
20250122;2814;429;435;1226;182;982;1668;963;2631;733;0;3125;1876;1374;835;280;62;226;653;528
20250123;2540;372;374;1149;154;854;1447;835;2282;612;0;2909;1771;1182;674;259;57;234;519;501
20250124;2260;582;457;1385;238;1046;1777;1029;2806;869;0;2948;1949;1276;1007;299;185;328;800;610
20250125;1230;318;230;743;120;588;1033;580;1613;455;0;1369;984;653;441;152;66;140;418;360
20250126;989;907;338;1504;198;664;1111;620;1731;797;0;1529;1720;634;1609;350;449;378;1217;483
20250127;3496;818;599;2025;319;1295;2206;1270;3476;1286;0;3689;2754;1548;1706;471;295;456;1393;782
20250128;3478;705;526;1827;292;1260;2153;1236;3389;1061;0;3717;2559;1578;1320;403;164;388;1079;678
20250129;3531;977;600;2260;340;1471;2493;1449;3942;1304;0;4042;2981;1766;1826;481;361;522;1554;770
20250130;3551;882;619;2278;330;1397;2349;1373;3722;1233;0;4015;3007;1688;1802;455;355;493;1481;824
20250131;2668;568;478;1573;270;1155;1948;1136;3084;903;0;2964;2204;1364;1154;348;141;298;909;662
20250201;1655;575;277;990;170;753;1206;681;1887;563;0;1514;1261;735;861;258;199;229;796;454
20250202;1411;500;283;899;153;575;974;506;1480;454;0;1270;1003;509;793;222;250;195;682;413
20250203;2575;557;466;1653;221;1045;1643;1059;2702;871;0;2776;2147;1179;1173;387;200;382;878;624
20250204;2647;598;433;1688;229;1118;1761;1133;2894;861;0;3192;2197;1249;1157;448;213;382;998;588
20250205;2525;566;483;1690;262;1080;1708;1095;2803;895;0;2938;2171;1225;1225;382;219;365;1048;581
20250206;2489;413;376;1415;219;941;1500;951;2451;706;0;2722;1925;1103;915;324;140;242;752;538
20250207;2036;397;333;1149;213;883;1405;893;2298;680;0;2302;1541;922;811;274;160;245;663;493
20250208;1359;396;212;757;131;670;1061;610;1671;422;0;1291;981;575;599;188;104;208;525;387
20250209;1488;679;235;1032;206;611;1041;541;1582;612;0;1335;1158;523;1082;291;255;328;977;408
20250210;3034;688;565;1884;269;1243;1977;1258;3235;1101;0;3337;2425;1502;1364;422;215;405;1120;745
20250211;3361;712;536;1943;272;1296;2077;1312;3389;1062;0;3679;2739;1601;1370;382;162;376;1108;695
20250212;2426;335;405;1172;171;827;1309;836;2145;595;0;2567;1748;1078;826;316;66;212;580;459
20250213;2428;324;333;1110;172;841;1330;849;2179;618;0;2593;1676;1171;641;303;46;245;534;480
20250214;2244;374;417;1278;202;898;1414;910;2324;681;0;2507;1766;1078;730;291;81;229;558;533
20250215;1424;419;240;871;154;673;1101;604;1705;523;0;1351;1008;618;671;213;151;164;582;402
20250216;1365;480;260;905;176;533;896;471;1367;468;0;1284;920;520;744;219;160;251;590;382
20250217;2743;506;488;1497;220;1130;1789;1144;2933;915;0;2958;2201;1260;1046;319;131;331;806;668
20250218;2813;486;511;1541;213;1230;1973;1243;3216;974;0;3170;2296;1427;1146;352;113;331;873;660
20250219;2845;491;481;1478;216;1075;1687;1091;2778;883;0;3134;2192;1424;1048;345;121;332;824;579
20250220;2900;528;469;1653;201;1042;1658;1055;2713;861;0;3141;2318;1369;1116;360;142;360;849;618
20250221;2443;455;501;1241;199;1076;1711;1086;2797;791;0;2549;1753;1168;922;285;115;275;770;639
20250222;1663;600;278;999;168;759;1231;682;1913;568;0;1544;1247;656;870;237;160;279;844;456
20250223;1307;317;219;751;111;448;743;393;1136;432;0;1159;902;536;561;184;130;149;457;321
20250224;3523;1049;681;2323;354;1357;2134;1375;3509;1282;0;3658;2870;1591;1966;471;389;569;1651;841
20250225;3157;554;538;1800;235;1272;2014;1287;3301;1029;0;3563;2592;1467;1299;369;144;358;968;687
20250226;3152;633;588;1992;242;1287;2025;1304;3329;1071;0;3498;2237;1497;1404;412;168;420;1030;697
20250227;3081;492;489;1599;216;1148;1799;1170;2969;983;0;3345;1922;1463;1075;374;111;374;915;669
20250228;2968;875;598;1856;330;1239;1967;1255;3222;1087;0;3236;2020;1395;1618;378;339;467;1268;745
20250301;2009;1107;376;1444;321;1011;1750;1101;2851;804;0;1899;1409;927;1565;342;342;351;1300;611
20250302;1946;1386;489;1974;356;856;1635;958;2593;1101;0;1753;1714;811;2425;480;591;590;1925;648
20250303;3871;1054;687;2439;406;1600;2945;2042;4987;1506;0;4237;2561;1840;1999;559;408;617;1618;944
20250304;4319;1246;746;2671;430;1720;3169;2193;5362;1519;0;4650;2890;2053;2310;595;434;635;1846;936
20250305;4272;1291;825;2791;431;1848;3379;2359;5738;1553;0;4935;2892;2116;2582;665;535;706;2043;995
20250306;4600;1533;849;3232;550;1885;3493;2400;5893;1706;0;5068;3022;2169;3090;723;693;910;2542;1118
20250307;3863;1807;913;3302;462;1670;3118;2122;5240;1671;0;4622;2776;1978;3281;717;854;1056;2793;1049
20250308;2720;2342;728;3233;430;1317;2306;1438;3744;1342;0;2891;2147;1260;3515;664;1070;1118;3006;900
20250309;2829;2930;817;4051;398;1108;2128;1239;3367;1728;0;2630;2652;1120;4779;962;1352;1621;4406;927
20250310;4172;1159;770;2791;438;1618;2987;2060;5047;1585;0;4756;2597;2063;2334;624;395;687;1936;985
20250311;4303;1197;841;2727;406;1749;3240;2227;5467;1465;0;5062;2595;2175;2331;626;360;593;1868;984
20250312;4730;1368;893;2973;459;1774;3272;2259;5531;1655;0;5281;2823;2264;2666;701;482;762;2141;992
20250313;3132;555;507;1541;251;1182;2183;1507;3690;899;0;3569;1600;1542;1173;365;143;384;914;691
20250314;1930;267;330;889;158;681;1274;863;2137;566;0;2094;973;937;575;190;49;171;460;410
20250315;1181;148;203;533;70;398;693;429;1122;223;0;1067;522;474;276;158;40;116;200;264
20250316;1622;759;319;1169;145;542;1018;604;1622;624;0;1625;970;678;1226;249;252;264;922;416
20250317;3037;557;486;1577;232;1129;2089;1437;3526;842;0;3526;1722;1604;1220;347;124;342;973;667
20250318;3835;899;614;2197;339;1403;2600;1785;4385;1227;0;4574;2263;2014;1871;436;278;478;1514;766
20250319;4109;1146;792;2606;397;1585;2938;2015;4953;1425;0;4760;2450;2080;2206;552;379;619;1788;885
20250320;4224;1231;812;2784;408;1614;3014;2048;5062;1443;0;4955;2550;2111;2605;682;497;656;2089;991
20250321;4146;1690;779;2922;502;1586;2926;2022;4948;1598;0;4511;2469;1939;2900;629;712;752;2525;960
20250322;2482;1431;586;1961;495;1137;1982;1241;3223;1065;0;2440;1540;1111;2086;436;498;626;1884;645
20250323;2767;2253;459;2872;754;972;1866;1084;2950;1441;0;2537;2077;989;3273;702;810;954;2787;675
20250324;4108;979;801;2438;425;1577;2917;2008;4925;1378;0;4558;2283;1970;2120;562;361;540;1518;976
20250325;4182;922;848;2583;387;1518;2835;1927;4762;1256;0;4465;2394;1873;2328;529;374;606;1624;864
20250326;4927;1558;1070;3327;586;1930;3615;2453;6068;1918;0;5632;2875;2432;2962;764;522;755;2415;1101
20250327;4720;1140;893;2879;464;1776;3306;2262;5568;1639;0;5415;2580;2329;2456;726;384;679;1887;988
20250328;3392;1186;680;2205;379;1355;2503;1725;4228;1294;0;4065;1962;1688;2034;535;376;549;1703;976
20250329;833;77;148;390;61;275;470;297;767;140;0;822;304;311;174;92;25;57;107;432
20250330;1800;972;363;1336;271;603;1125;676;1801;790;0;1768;1151;763;1538;344;341;412;1230;576
20250331;3480;626;604;1772;230;1182;2223;1531;3754;986;0;3608;1783;1619;1350;436;176;364;1062;844
20250401;4165;1030;706;2290;369;1445;2573;1800;4373;1348;0;4688;2244;2131;2062;524;275;496;1579;899
20250402;4895;1190;866;2856;428;1713;3055;2137;5192;1550;0;5245;2552;2291;2391;653;379;629;1926;990
20250403;5374;1895;1039;3857;661;2061;3710;2573;6283;2050;0;5864;3074;2456;3755;857;778;1071;3011;1057
20250404;4952;2798;1183;4563;848;1993;3590;2481;6071;2218;0;5372;3286;2402;4768;998;1248;1449;4004;1075
20250405;3181;2239;656;3195;596;1287;2388;1517;3905;1512;0;3071;2292;1419;3397;623;897;1073;2697;779
20250406;1741;409;269;1106;182;625;1343;861;2204;408;0;1623;1098;801;626;214;116;211;510;521
20250407;3618;691;577;1802;282;1378;2465;1720;4185;1067;0;4054;1853;1769;1438;447;204;374;1096;798
20250408;4023;855;670;2156;328;1430;2548;1786;4334;1171;0;4569;2157;1993;1799;513;265;465;1461;840
20250409;4953;1369;865;2914;476;1769;3171;2206;5377;1642;0;5543;2612;2333;2727;704;518;691;2129;1022
20250410;4479;1005;735;2513;390;1626;2927;2026;4953;1390;0;5210;2343;2241;2113;499;268;525;1514;910
20250411;4276;1649;915;2872;527;1721;3087;2149;5236;1681;0;4621;2509;2028;2743;640;540;739;2151;1030
20250412;3435;3160;822;4144;892;1416;2593;1671;4264;1742;0;3379;2595;1562;4776;845;1389;1421;3859;1003
20250413;3621;2828;810;4258;969;1172;2520;1619;4139;1989;0;3337;2595;1487;4658;867;1363;1224;3764;998
20250414;4951;2173;1035;4177;797;1878;3381;2342;5723;2010;0;5004;3084;2006;4211;864;1020;1201;3032;1206
20250415;3031;638;574;1820;317;1083;1936;1351;3287;968;0;3215;1617;1352;1448;357;196;386;1011;1147
20250416;5469;2851;1147;5406;923;1864;3366;2323;5689;2283;0;5501;3563;2112;5719;1099;1249;1740;4481;1402
20250417;4608;1759;878;3766;560;1683;3025;2096;5121;1792;0;4604;2658;1742;3523;729;674;962;2443;1264
20250418;1688;280;291;878;175;557;986;695;1681;492;0;1535;724;592;625;191;93;156;413;786
20250419;2748;2189;724;3284;638;990;1845;1164;3009;1406;0;2374;1890;854;3673;682;1009;1062;2791;999
20250420;2940;2641;835;4695;812;981;2152;1351;3503;2134;0;2306;2382;714;5417;944;1700;1731;3903;974
20250421;3166;3308;976;4963;1162;1169;2066;1460;3526;2041;0;2605;2702;871;6223;1062;1933;1910;4164;1041
20250422;5992;2156;1290;4851;822;2220;3971;2771;6742;2476;0;5855;3669;2401;4974;1042;965;1295;3437;1242
20250423;6567;2423;1446;5087;868;2390;4296;2978;7274;2567;0;6626;3785;2797;5379;1092;1140;1372;3982;1298
20250424;5017;1207;860;2857;457;1750;3177;2178;5355;1478;0;5163;2510;2258;2447;621;298;699;1812;1045
20250425;1896;349;343;808;145;560;999;699;1698;424;0;1882;860;796;599;237;77;210;472;735
20250426;2943;1368;621;2117;372;1075;2011;1265;3276;1221;0;2541;1740;1279;2196;470;490;704;1745;757
20250427;3983;4536;1223;5960;1168;1527;3283;2109;5392;2463;0;3403;3706;1641;7152;1232;2128;2276;5897;1037
20250428;6422;2420;1311;4956;947;2350;4226;2928;7154;2439;0;6848;3731;2844;4930;1115;987;1346;3692;1254
20250429;7074;2734;1497;5843;1051;2656;4758;3314;8072;2107;0;7537;4166;3200;5804;1319;1206;1599;4460;1440
20250430;6787;2537;1559;5983;966;2610;4657;3260;7917;2109;0;7320;4174;3017;5837;1238;1157;1621;3927;1431
20250501;4529;5104;1397;9570;1511;1727;4121;2595;6716;2617;0;4308;5234;1901;12782;1592;3068;3487;7021;1117
20250502;5038;3000;1208;7519;931;2014;4757;3029;7786;2321;0;5273;4234;2086;6878;1417;1617;2472;4655;1230
20250503;3818;3443;994;6682;709;1441;3363;2063;5426;1928;0;3265;3171;1500;6734;1033;1685;2105;4388;1080
20250504;2327;1379;453;1803;267;773;1992;1185;3177;816;0;2088;1375;926;1553;492;270;520;1314;884
20250505;2658;408;450;1212;184;913;2104;1378;3482;680;0;3004;1254;1371;868;298;90;246;694;747
20250506;3421;771;485;1770;282;1273;2977;1920;4897;994;0;3819;1833;1738;1498;425;219;412;1129;893
20250507;5594;1895;1030;3627;607;1962;4597;2955;7552;2079;0;6222;3109;2684;3438;881;595;874;2761;1111
20250508;4637;1210;815;2933;450;1663;3915;2504;6419;1478;0;5391;2583;2189;2139;653;303;622;1586;989
20250509;4783;1819;997;3615;610;1958;4607;2953;7560;1815;0;5337;2751;2322;3181;835;640;895;2572;1064
20250510;3838;3336;986;4865;999;1784;4171;2554;6725;1843;0;3660;2959;1740;5114;1035;1569;1460;4333;1021
20250511;3352;3050;919;4489;844;1368;3579;2097;5676;1774;0;2849;2384;1227;4843;1056;1182;1424;3867;982
20250512;5980;2194;1246;4555;844;2272;5328;3426;8754;2421;0;6617;3098;2740;3997;1051;862;1145;3194;1236
20250513;6699;2455;1438;5332;894;2403;5640;3621;9261;2661;0;7300;4428;3111;5023;1171;1025;1400;3847;1345
20250514;6768;2763;1400;5687;937;2493;5926;3746;9672;2627;0;7637;4643;3154;5476;1228;1148;1451;4232;1396
20250515;5132;1155;940;3083;530;1838;4320;2770;7090;1663;0;5809;3391;2426;2658;649;340;724;1846;1124
20250516;4346;1454;838;2890;450;1631;3828;2454;6282;1467;0;4995;3009;2169;2275;607;361;722;1842;1066
20250517;2729;1283;525;2073;384;1055;2463;1511;3974;941;0;2548;1920;1193;1972;429;366;586;1459;732
20250518;1795;631;304;1177;178;568;1470;871;2341;484;0;1503;1329;627;860;282;171;254;627;676
20250519;5033;1436;904;3258;505;1812;4282;2726;7008;1768;0;5497;3360;2345;2894;797;468;761;2175;1161
20250520;6655;2859;1295;5239;843;2483;5808;3743;9551;2779;0;7349;4564;3213;5375;1272;1229;1390;4501;1376
20250521;6368;2387;1261;4618;707;2244;5255;3385;8640;2364;0;6827;4126;2878;4264;1043;905;1128;3358;1242
20250522;3930;997;756;2228;308;1379;3267;2077;5344;1166;0;4430;2560;1931;1864;555;276;515;1387;1113
20250523;4608;1670;885;3073;486;1725;4049;2599;6648;1580;0;5007;3177;2240;2569;662;453;679;2031;1140
20250524;3795;2528;900;4091;657;1404;3276;2008;5284;1768;0;3200;2552;1762;4414;772;1045;1215;2932;1009
20250525;3460;3650;1016;4990;999;1135;2943;1743;4686;1873;0;3010;2653;1254;5887;929;1744;1510;4388;868
20250526;4925;1482;862;3228;528;1751;4130;2635;6765;1622;0;5310;3241;2402;2606;625;392;723;1980;1265
20250527;6406;2660;1312;5071;828;2335;5480;3516;8996;2314;0;7046;4303;3094;4860;1048;1022;1213;3752;1301
20250528;5102;1523;1033;3381;562;1889;4416;2847;7263;1633;0;5706;3469;2472;2920;740;468;759;2039;1230
20250529;2649;1777;629;2875;406;980;2342;1472;3814;1311;0;2522;1833;1030;2698;593;538;884;1907;975
20250530;3621;1462;787;2856;498;1400;3313;2108;5421;1256;0;3873;2595;1399;2553;567;462;683;1827;1053
20250531;3992;3927;1073;8459;932;1469;3460;2099;5559;3308;0;3677;2688;1576;8351;1459;2121;2710;5313;1070
20250601;3480;3716;1048;7845;1063;1188;2586;1320;3906;2588;0;3128;3506;1360;8111;1385;2027;2690;5395;1049
20250602;4933;1663;954;3546;610;1876;3594;1968;5562;1689;0;5172;2607;2358;3242;815;598;948;2450;1222
20250603;4270;1623;780;3259;425;1633;3132;1717;4849;1550;0;4503;2350;2061;2901;747;483;847;2396;1119
20250604;6824;2972;1396;7282;993;2560;4913;2693;7606;2893;0;7533;4605;3256;6489;1393;1257;2161;4766;1505
20250605;6722;2432;1415;6188;885;2610;5025;2745;7770;2681;0;7365;3936;3270;5557;1288;1027;1803;3938;1539
20250606;5817;2731;1438;7969;848;2380;4612;2497;7109;2976;0;6325;4496;2691;6860;1429;1318;2390;4721;1339
20250607;3169;2531;681;4096;495;1189;2193;1145;3338;1639;0;2759;2292;1231;4160;816;1126;1251;3018;946
20250608;1600;551;265;1321;150;551;1215;607;1822;486;0;1362;891;555;1171;264;193;337;684;560
20250609;4282;4579;1028;6709;1284;1468;2831;1540;4371;2874;0;3776;3782;1535;7140;1382;2048;2083;5550;1167
20250610;6814;2671;1411;6299;918;2595;5006;2728;7734;2575;0;7218;5173;3317;5656;1236;974;1703;3951;1426
20250611;6804;2524;1449;5758;776;2730;5263;2866;8129;2350;0;7474;5291;3149;5403;1129;832;1482;3849;1469
20250612;6914;2990;1497;7062;934;2701;5218;2836;8054;2845;0;7632;5929;3251;6254;1365;1293;1835;4508;1511
20250613;6237;2780;1432;7075;882;2704;5223;2843;8066;2620;0;6665;5989;3020;6302;1260;1301;2131;4402;1531
20250614;4312;3191;1094;6822;835;1704;3129;1645;4774;2412;0;3927;4696;1833;6665;1193;1803;2086;4288;1126
20250615;4313;4299;1253;12234;1071;1473;3236;1635;4871;3626;0;3751;7200;1510;10892;1933;2417;4098;6724;1229
20250616;3973;781;668;2294;371;1416;2714;1490;4204;941;0;4453;2739;2026;1649;452;150;460;1080;932
20250617;6924;2835;1442;6242;838;2684;5178;2821;7999;2577;0;7352;5765;3346;5286;1238;934;1482;4050;1466
20250618;7061;2868;1515;7205;882;2925;5596;3078;8674;2984;0;7546;6293;3262;6605;1435;1240;1946;4347;1471
20250619;4624;4538;1195;11178;1072;1992;3858;2086;5944;3707;0;4115;6991;1731;10094;1781;2124;3480;6559;1247
20250620;5317;3021;1307;6659;744;2486;4766;2612;7378;4054;0;5495;5679;2242;6077;1944;1279;1247;4323;1278
20250621;4322;3693;1083;7185;825;1929;3521;1865;5386;3698;0;3623;4963;1561;7194;1800;1736;1396;5162;1178
20250622;4041;4258;1097;9512;879;1604;3515;1779;5294;3748;0;3618;6171;1335;9376;1976;2189;1515;6360;1198
20250623;5659;1933;1146;5629;706;2426;4637;2552;7189;2299;0;6130;5155;2702;4651;1106;749;1249;3102;1316
20250624;6883;2947;1422;7651;914;3050;5813;2579;8392;2583;0;7339;6695;3310;6573;1240;1070;2005;4604;1474
20250625;7092;2869;1470;8809;856;2736;5224;2307;7531;3058;0;7392;7421;3327;7610;1467;1303;2382;5088;1570
20250626;6152;2321;1210;6297;684;2513;4793;2123;6916;2399;0;6606;5476;2766;5227;1152;915;1693;3609;1418
20250627;5067;2217;1268;6114;672;2393;4570;2016;6586;2109;0;5628;5121;2410;4978;1014;801;1484;3006;1369
20250628;3913;3222;1020;7800;815;1947;3582;1504;5086;2514;0;3702;5237;1648;6258;1231;1396;2240;4431;1257
20250629;3675;3869;1077;11173;861;1574;3441;1395;4836;3145;0;3359;6974;1368;9395;1666;2073;3431;6030;1273
20250630;6234;2411;1321;8028;758;2862;5465;2413;7878;2924;0;6663;6729;2710;6787;1405;1234;2122;4535;1584
20250701;6643;2849;1504;9606;854;2974;5724;2850;8574;4694;0;7184;7580;2955;7891;1651;1505;2620;5425;1520
20250702;6323;3140;1437;9835;811;2864;5523;2739;8262;4647;0;6891;7679;2928;8168;1575;1442;2783;5340;1626
20250703;5444;2311;1165;8125;874;2439;4698;2336;7034;3930;0;6093;6361;2470;6396;1312;1039;2200;4028;1370
20250704;5084;2340;1196;5351;735;2453;4724;2348;7072;3438;0;5271;5046;2168;4377;1095;875;1354;3294;1376
20250705;3517;3719;1013;9053;1287;1957;4254;2136;6390;2168;0;3424;5893;1392;7536;1484;1831;2772;5128;1208
20250706;3203;3367;892;7911;1159;1350;2814;1497;4311;1968;0;2788;4985;1045;7185;1430;1766;2441;4958;1039
20250707;3122;1086;610;2584;338;1460;2816;1397;4213;1967;0;3104;2507;1235;2013;572;400;609;1533;1006
20250708;2143;446;366;1479;96;894;1724;855;2579;1566;0;2448;1406;982;965;276;108;213;700;743
20250709;4323;1578;772;3521;294;1883;3634;1804;5438;3003;0;4820;3523;1891;2513;650;346;733;1968;1163
20250710;4199;1469;793;3504;329;1804;3457;1732;5189;2850;0;4752;3536;1797;2654;619;391;674;1991;1169
20250711;3782;1643;866;3338;435;1720;3290;1654;4944;2587;0;4001;3272;1628;2775;643;515;749;2073;1118
20250712;2752;1967;653;3449;527;1474;3202;1610;4812;1685;0;2575;2736;1080;3321;666;758;795;2195;995
20250713;3862;4509;1113;9480;1542;1766;3700;1948;5648;2281;0;3288;6013;1208;8968;1670;2378;2741;5921;1273
20250714;6076;2377;1224;6243;807;2543;4868;2443;7311;3822;0;5886;5626;2412;5409;1059;962;1414;3728;1361
20250715;6449;2746;1293;7162;933;2685;5144;2579;7723;4049;0;6367;6215;2545;6045;1316;1112;1686;4379;1418
20250716;6004;2280;1094;5255;552;2437;4691;2333;7024;3726;0;5874;4858;2338;4248;979;656;1204;3258;1292
20250717;4707;1464;775;3471;279;1788;3426;1717;5143;2782;0;4584;3507;1753;2760;695;330;758;1911;1245
20250718;4034;1273;765;2999;253;1749;3381;1672;5053;2385;0;3909;2939;1511;2207;637;343;705;1428;1200
20250719;3857;3492;1014;7777;866;1713;3725;1860;5585;2029;0;3487;5254;1299;6967;1329;1658;2360;4661;1163
20250720;3766;4043;1135;10067;952;1537;3211;1699;4910;2254;0;3317;6105;1204;8793;1597;2149;3018;5842;1223
20250721;4998;1885;1009;4693;614;1989;3815;1910;5725;3106;0;4954;4275;1961;4138;913;886;1144;2884;1271
20250722;6633;3209;1360;7741;820;2723;5203;2618;7821;4068;0;6607;6555;2547;6790;1351;1162;1991;4701;1361
20250723;6308;3039;1342;6465;613;2694;5175;2584;7759;4234;0;6472;5802;2667;5775;1169;1199;1588;4367;1453
20250724;5006;1600;897;4285;387;1882;3615;1805;5420;3182;0;5076;4071;2003;3749;741;612;956;2463;1200
20250725;4836;2254;1090;4853;447;1984;3819;1902;5721;2928;0;4986;4244;1842;4306;971;941;1147;2994;1182
20250726;2284;862;435;2083;209;825;1792;888;2680;1198;0;2245;1680;771;1578;376;301;448;1101;821
20250727;2716;1384;618;2707;337;969;2027;1070;3097;1675;0;2437;2245;891;2296;548;575;615;1578;844
20250728;4337;1461;934;3556;400;1765;3389;1692;5081;2553;0;4438;3413;1601;2982;701;433;731;1953;1068
20250729;5385;1902;1003;4433;538;2100;4043;2010;6053;3360;0;5451;4313;2110;3744;868;535;917;2600;1205
20250730;6498;3442;1417;6760;947;2724;5220;2616;7836;4108;0;6545;5941;2593;6067;1275;1413;1460;4557;1501
20250731;6034;2662;1120;6208;851;2555;4906;2453;7359;3728;0;6186;5493;2339;5434;1160;1060;1396;3878;1417
20250801;4566;2202;1029;4432;615;2060;3568;2610;6178;1929;0;4613;4009;2103;3795;919;762;1070;2702;1397
20250802;3529;2812;967;4421;813;1602;3371;2573;5944;1466;0;3000;3384;1184;4628;909;1206;1327;3282;1001
20250803;3471;2554;751;4140;787;1353;3092;2161;5253;1419;0;3050;3075;1048;3988;834;964;1049;2564;1142
20250804;5104;1788;1074;4262;658;2124;3679;2692;6371;1990;0;4974;4245;1829;3903;828;688;886;2601;1320
20250805;6414;3295;1432;7627;1044;2752;4781;3486;8267;2579;0;6461;6570;2394;6858;1379;1427;1866;4951;1427
20250806;6326;3069;1250;6626;1016;2789;4844;3537;8381;2617;0;6509;6057;2372;5847;1231;1208;1566;4335;1480
20250807;6069;2956;1319;7394;879;2649;4633;3347;7980;2489;0;6061;6202;2229;6200;1295;1208;1834;4229;1454
20250808;5200;2760;1242;7880;909;2142;3755;2705;6460;2016;0;5093;6034;1796;6545;1405;1315;2235;4313;1401
20250809;3407;3154;948;8533;695;1639;3485;2572;6057;1521;0;3104;5368;1123;7570;1372;1542;2537;4531;1102
20250810;3433;3223;1044;9705;789;1313;3031;2092;5123;1387;0;2986;5854;1037;8107;1433;1666;2743;4876;1254
20250811;5600;2645;1322;7408;881;2409;4185;3053;7238;2259;0;5605;6056;2100;6409;1473;1229;2096;4180;1371
20250812;6148;3054;1505;8524;974;2688;4689;3396;8085;2524;0;6260;6840;2389;7271;1394;1367;2250;4880;1423
20250813;5754;3007;1282;8476;819;2514;4366;3182;7548;2355;0;5860;6510;2257;7147;1514;1243;2225;4663;1498
20250814;4992;2453;1162;7424;665;2133;3730;2694;6424;2001;0;5140;5791;1914;6180;1322;1069;2178;3926;1465
20250815;3245;2939;872;9253;676;1397;2469;1760;4229;1317;0;2937;5631;1004;7487;1405;1539;2539;4558;1093
20250816;3057;2364;915;6813;557;1425;3004;2271;5275;1307;0;2782;4363;975;5684;1080;1070;2114;3330;1117
20250817;3496;3381;1011;6598;893;1416;3249;2261;5510;1486;0;3026;4338;989;5996;1154;1571;1924;4021;1138
20250818;5432;2553;1362;6605;914;2582;4482;3272;7754;2422;0;5667;5633;2240;5616;1292;1246;1762;3799;1487
20250819;6343;3140;1426;8543;959;2827;4930;3580;8510;2652;0;6476;7227;2571;7408;1477;1534;2124;5056;1534
20250820;6436;3342;1336;9461;941;2848;4952;3606;8558;2668;0;6623;7750;2505;7997;1630;1579;2474;5522;1489
20250821;3416;1008;503;2560;377;1492;2594;1888;4482;1400;0;3525;2889;1425;1792;528;227;577;1141;1040
20250822;4482;2189;971;4532;661;2067;3581;2621;6202;1937;0;4541;4452;1751;3749;870;679;1065;2905;1444
20250823;3047;2347;743;3567;616;1551;3298;2439;5737;1439;0;2918;2967;1151;3744;678;786;958;2544;1019
20250824;3511;3911;1041;6100;1176;1500;3420;2392;5812;1567;0;3060;4434;1140;6436;1292;1871;1731;4742;1352
20250825;5870;2717;1264;6068;1015;2665;4627;3378;8005;2501;0;5843;5686;2485;5348;1237;1133;1358;3916;1523
20250826;6347;3133;1368;7362;1019;2892;5023;3666;8689;2712;0;6603;6732;2697;6403;1339;1361;1754;4732;1560
20250827;6293;3049;1434;7250;871;2829;4897;3589;8486;2651;0;6680;6670;2666;6222;1393;1288;1709;4614;1618
20250828;6111;2781;1293;9581;959;2717;4718;3445;8163;2546;0;6194;7589;2546;7202;1592;1088;2567;4784;1579
20250829;5120;2314;1158;5656;719;2489;4328;3151;7479;2332;0;5275;5117;2129;4853;1074;880;1421;3138;1471
20250830;3045;2400;791;3987;725;1582;3343;2513;5856;1457;0;2670;3656;1197;3896;620;1004;1049;2746;977
20250831;3338;2633;660;4215;791;1306;2986;2081;5067;1366;0;2756;3881;1152;4136;859;954;1109;2832;1066
20250901;6256;2879;1515;6992;1039;2975;4849;3219;8068;2525;0;6479;6619;2765;6400;1401;1249;1844;4341;1652
20250902;4849;1564;1128;3739;626;2158;3545;2325;5870;1838;0;5058;4232;2353;3288;744;565;732;2391;1303
20250903;6663;2924;1434;6221;889;2983;4871;3224;8095;2534;0;6959;6306;2936;5790;1231;1084;1558;4256;1648
20250904;6706;3200;1583;8422;992;3063;5023;3308;8331;2603;0;7010;7385;2911;6996;1913;1479;2595;4983;1634
20250905;5057;2168;1202;4680;741;2449;4008;2645;6653;2080;0;5530;4677;2306;3989;939;683;1155;2754;1392
20250906;3748;2594;896;4545;877;1773;2942;1983;4925;1313;0;3320;4013;1410;4809;893;955;1327;3134;1300
20250907;3866;4036;1102;6891;1256;1655;2882;1987;4869;1553;0;3745;5094;1332;6890;1399;1878;2114;5267;1266
20250908;6135;2554;1482;5806;947;2802;4568;3030;7598;2380;0;6454;5938;2959;5267;1320;960;1377;3720;1631
20250909;6674;2956;1450;6325;1063;3080;5033;3327;8360;2619;0;7187;6516;3023;5643;1240;1153;1414;4302;1749
20250910;3353;979;698;2186;382;1515;2463;1639;4102;1285;0;3766;2729;1678;1781;482;184;500;1311;1142
20250911;5639;2360;1286;5591;908;2860;4667;3091;7758;2431;0;6115;5489;2651;4897;1207;946;1458;3491;1525
20250912;4091;1602;926;3279;623;2053;3355;2220;5575;1744;0;4547;3558;1960;2866;774;420;847;1908;1305
20250913;2954;1800;552;2908;525;1513;2513;1696;4209;1128;0;3102;2901;1308;3261;563;371;877;2050;1027
20250914;2649;1551;488;2568;507;1132;2002;1357;3359;1079;0;2317;2405;924;2706;600;350;812;1821;869
20250915;6125;2669;1248;5502;1069;2844;4640;3071;7711;2417;0;6286;5631;2841;5404;1165;1039;1346;3883;1663
20250916;4943;1205;969;3972;716;2213;3616;2391;6007;1882;0;5389;4010;2264;2550;673;314;641;1798;1209
20250917;5928;2054;1189;4408;996;2657;4331;2874;7205;2258;0;6425;5017;2792;3816;964;633;879;2911;1538
20250918;6104;2253;1224;4980;1117;2652;4354;2862;7216;2258;0;6358;5314;2800;4339;1026;796;1171;3176;1649
20250919;5673;2863;1325;6118;1210;2701;4417;2921;7338;2296;0;5852;6086;2468;5582;1207;1182;1637;4027;1756
20250920;4074;3446;960;7061;1208;2097;3488;2345;5833;1564;0;4073;5346;1723;6966;1230;1575;2309;4716;1454
20250921;3515;4348;1062;8723;1381;1498;2624;1799;4423;1414;0;3389;6075;1290;8636;1546;2051;2980;5832;1314
20250922;6092;2869;1366;6420;1338;2817;4568;3049;7617;2388;0;6696;6272;2838;5894;1316;1203;1616;4291;1684
20250923;5019;1531;935;3643;859;2375;3861;2569;6430;2013;0;5888;4372;2568;2813;772;363;771;2062;1305
20250924;2238;502;383;1284;320;957;1549;1035;2584;815;0;2480;3460;1234;927;298;97;263;739;596
20250925;3015;579;527;1779;439;1305;2125;1410;3535;1109;0;3536;2301;1531;1089;400;173;349;872;830
20250926;2145;559;459;1518;344;1042;1691;1126;2817;885;0;2720;1808;1150;973;322;147;309;766;717
20250927;2560;2034;652;2839;718;1393;2311;1562;3873;1037;0;2865;2668;1371;2747;627;678;687;2249;1040
20250928;2600;2417;668;3122;940;1189;2089;1427;3516;1122;0;2809;2898;1146;3129;742;871;838;2740;1024
20250929;4728;1773;1021;3673;880;2312;3761;2501;6262;1961;0;5703;4183;2487;2849;764;469;759;2262;1396
20250930;5103;1534;996;3652;761;2343;3805;2535;6340;1988;0;5804;4379;2618;2970;760;446;720;2158;1321
20251001;4429;1103;766;2744;602;1887;4359;3046;7405;1532;0;5329;3538;2278;2087;640;260;540;1491;1141
20251002;4614;1167;914;3319;696;2138;4603;3212;7815;1740;0;5624;3813;2404;2300;626;305;640;1628;1347
20251003;4006;1493;891;2919;711;1967;3896;2761;6657;1599;0;4787;3486;2070;2564;638;448;665;1886;1334
20251004;2183;1416;496;2035;547;1284;2920;1986;4906;1040;0;2638;2204;1127;1967;462;467;568;1660;885
20251005;1837;1133;458;1631;417;921;2118;1403;3521;903;0;2036;1762;792;1530;409;266;396;1238;742
20251006;3084;566;615;1661;456;1237;2885;2011;4896;1005;0;3525;2212;1538;1320;376;129;326;861;813
20251007;4178;1052;810;2770;652;2110;4250;2967;7217;1714;0;5187;3443;2353;2247;584;298;559;1606;1170
20251008;4760;1677;1001;3614;850;2306;4753;3322;8075;1873;0;5808;4210;2734;2912;820;648;744;2269;1399
20251009;3550;736;563;2166;497;1691;3634;2540;6174;1372;0;4440;2779;1975;1291;442;127;425;930;1045
20251010;3837;1286;779;2552;696;1737;3865;2707;6572;1410;0;4727;3241;2004;1996;534;322;525;1527;1224
20251011;2455;1479;525;2232;610;1357;3127;2146;5273;1096;0;2828;2169;1210;2083;403;440;500;1582;941
20251012;2207;1943;564;2400;697;1142;2542;1663;4205;1126;0;2436;2297;1034;2547;593;756;704;2190;935
20251013;4569;1121;882;2903;719;2072;4404;3054;7458;1683;0;5366;3807;2421;2171;622;332;564;1677;1289
20251014;5195;1594;971;3553;870;2339;4983;3452;8435;1900;0;6073;4266;2736;2995;723;556;743;2220;1341
20251015;4448;896;765;2735;661;1886;4320;2997;7317;1526;0;5267;3429;2357;2017;558;220;567;1463;1160
20251016;4922;1444;945;3402;811;2235;4838;3357;8195;1816;0;5898;4157;2594;2883;803;551;803;2224;1426
20251017;4048;1039;746;2695;653;1784;3814;2649;6463;1449;0;4652;3287;2112;2059;526;370;569;1506;1257
20251018;2145;1071;402;1677;453;1224;2782;1913;4695;992;0;2518;1848;1165;1546;383;259;425;1271;849
20251019;2193;1696;530;2421;555;1139;2282;1497;3779;1123;0;2188;2399;1023;2486;543;644;676;2042;919
20251020;4489;1062;788;2778;704;2002;4355;3020;7375;1631;0;5310;3638;2316;2161;592;303;619;1622;1224
20251021;4986;1308;868;3124;782;2292;4914;3419;8333;1865;0;5999;3950;2616;2768;678;437;710;1942;1282
20251022;5043;1261;910;3377;796;2199;4933;3441;8374;1788;0;6022;4112;2627;2551;683;489;706;1988;1328
20251023;4193;1270;766;2725;649;1856;4003;2771;6774;1509;0;4877;3445;2255;2351;578;441;640;1891;1204
20251024;3022;697;640;1940;464;1522;3295;2315;5610;1238;0;4034;2479;1775;1394;407;160;443;1045;1066
20251025;1918;1136;440;1661;496;1045;2492;1699;4191;847;0;2252;1790;1014;1516;384;480;388;1401;761
20251026;2010;1336;417;1894;490;891;2430;1592;4022;870;0;2330;1957;972;1793;379;452;533;1619;779
20251027;2986;597;462;1661;467;1236;2949;2076;5025;1002;0;3615;2195;1350;1196;372;148;289;934;731
20251028;3536;811;637;2315;504;1607;3798;2664;6462;1305;0;4651;2918;1833;1775;463;215;439;1276;905
20251029;4222;1574;748;3256;844;1987;4249;2977;7226;1617;0;5197;3809;2123;3056;701;703;855;2405;1126
20251030;3843;1069;667;2653;605;1781;3969;2745;6714;1449;0;4831;3188;1913;2157;567;367;489;1626;1077
20251031;3229;1307;723;2511;673;1630;3176;2228;5404;1323;0;3885;2824;1702;2424;557;586;657;1959;1058
20251101;1818;1235;524;1687;572;1124;1500;511;2011;832;0;2090;1893;814;2021;484;594;563;1698;816
20251102;1955;1427;573;2039;645;981;1504;534;2038;924;0;2191;2104;953;2189;444;688;609;1901;839
20251103;2950;483;564;1872;406;1388;2479;1128;3607;1131;0;3866;2290;1615;1188;362;125;354;819;947
20251104;4703;1457;952;3371;766;2259;3778;1700;5478;1834;0;5880;4127;2632;2945;776;527;801;2316;1228
20251105;4617;1173;854;3240;676;2155;3720;1678;5398;1758;0;5793;3959;2654;2608;713;456;740;1996;1285
20251106;4535;1122;849;3000;651;2094;3555;1605;5160;1704;0;5537;3676;2518;2205;665;299;659;1784;1211
20251107;3671;1071;738;2517;648;1844;2964;1422;4386;1499;0;4625;3083;2016;1960;525;315;620;1616;1186
20251108;2081;1166;481;1648;400;1213;1720;872;2592;899;0;2397;1847;1087;1595;352;401;401;1427;919
20251109;1641;1115;355;1652;443;855;1359;728;2087;804;0;1962;1702;923;1651;359;429;462;1270;706
20251110;4186;937;782;2747;627;1975;3302;1505;4807;1611;0;5143;3355;2198;1896;569;258;520;1472;1180
20251111;4594;1107;814;3057;666;2083;3609;1698;5307;1693;0;5625;3740;2620;2316;621;355;648;1785;1141
20251112;4116;898;712;2732;532;1906;3236;1609;4845;1549;0;5044;3341;2381;1896;537;255;536;1374;1116
20251113;3858;768;643;2452;481;1704;2905;1382;4287;1384;0;4524;2997;2156;1581;488;158;469;1167;1046
20251114;3051;623;544;1856;450;1410;2458;1139;3597;1148;0;3831;2275;1690;1206;377;136;404;1013;916
20251115;1836;555;351;1244;255;994;1421;697;2118;738;0;1988;1393;944;902;260;212;207;721;735
20251116;1762;993;337;1552;406;811;1358;748;2106;762;0;1972;1581;779;1430;375;345;392;1373;676
20251117;1740;272;295;960;257;757;1292;582;1874;613;0;2008;1171;913;621;193;66;178;433;472
20251118;3869;870;729;2497;499;1778;3082;1450;4532;1447;0;4794;3152;2227;1912;551;264;586;1433;1050
20251119;3715;759;639;2310;471;1702;2999;1419;4418;1379;0;4671;3012;2245;1795;596;222;538;1313;1063
20251120;3507;594;596;2072;333;1609;2776;1276;4052;1306;0;4317;2707;1994;1350;452;164;450;1099;1038
20251121;2723;451;482;1550;295;1250;2221;926;3147;1020;0;3460;2022;1528;1026;312;114;318;779;883
20251122;1430;361;234;793;204;773;1214;567;1781;566;0;1690;995;822;624;180;86;226;503;557
20251123;951;194;157;539;112;426;720;331;1051;402;0;1036;772;413;428;114;57;94;244;339
20251124;2591;375;361;1310;262;1151;2107;874;2981;938;0;3289;1808;1317;858;342;81;238;591;679
20251125;2358;285;385;1204;198;939;1889;846;2735;763;0;2934;1626;1287;792;287;51;221;543;580
20251126;2860;396;471;1548;266;1243;2357;1125;3482;1008;0;3671;2074;1681;1065;372;113;306;747;787
20251127;3209;536;540;1811;318;1413;2544;1258;3802;1149;0;3960;2481;1829;1273;470;165;378;927;935
20251128;2718;596;481;1637;321;1311;2156;936;3092;1063;0;3362;2103;1567;1353;447;207;407;994;909
20251129;1560;460;310;1040;214;877;1440;679;2119;647;0;2008;1167;879;816;226;153;255;576;629
20251130;1457;525;273;950;179;651;1159;592;1751;614;0;1673;1102;667;947;219;207;297;719;544
20251201;3195;632;568;1692;342;1393;1963;1107;3070;1232;0;3931;2375;1789;1305;470;184;395;993;899
20251202;3284;501;505;1666;289;1399;2083;1229;3312;1231;0;4181;2367;1838;1187;429;125;357;890;830
20251203;3267;507;481;1688;276;1373;1978;1237;3215;1211;0;3961;2368;1894;1172;409;128;342;858;867
20251204;3145;527;480;1606;274;1342;2005;1192;3197;1183;0;4014;2236;1835;1186;405;137;383;949;904
20251205;1849;272;338;1028;205;936;1290;753;2043;827;0;2611;1543;1177;692;263;71;189;474;663
20251206;1567;438;296;986;178;852;1092;635;1727;691;0;1889;1155;823;893;205;201;233;605;600
20251207;1443;756;277;1326;187;685;1069;582;1651;612;0;1710;1274;683;1268;322;394;510;1105;562
20251208;1410;319;246;976;168;757;889;566;1455;682;0;1793;1082;766;623;218;101;165;412;425
20251209;3394;686;573;1879;291;1612;2144;1282;3426;1421;0;4294;2704;2035;1440;450;137;443;1112;936
20251210;3493;627;561;1938;270;1558;2110;1334;3444;1363;0;4215;2715;2045;1500;433;187;443;1109;966
20251211;3654;801;617;2106;316;1659;2303;1333;3636;1462;0;4614;2742;2160;1604;458;252;485;1216;1096
20251212;2698;525;494;1594;269;1334;1790;1063;2853;1172;0;3598;2138;1708;1081;366;121;307;776;957
20251213;1655;340;285;941;146;952;1156;646;1802;770;0;1998;1045;1006;642;200;95;190;499;682
20251214;1380;411;270;1005;188;623;1062;554;1616;552;0;1694;1056;723;831;256;183;285;616;552
20251215;2832;461;480;1453;199;1256;1746;979;2725;1103;0;3499;2060;1563;957;309;79;287;717;792
20251216;2977;550;452;1550;217;1315;1879;1167;3046;1160;0;3772;2174;1723;1068;349;96;313;779;774
20251217;3029;559;521;2275;226;1395;1901;1217;3118;1229;0;3817;2115;1694;1080;329;116;336;838;835
20251218;3070;479;484;2105;236;1300;1867;1048;2915;1148;0;3740;1955;1648;1075;367;98;302;758;847
20251219;2558;425;461;1959;226;1188;1596;944;2540;1046;0;3202;1815;1448;900;300;93;273;684;839
20251220;1372;359;312;1062;126;866;975;491;1466;699;0;1695;904;814;524;204;130;151;400;607
20251221;1224;322;220;849;109;460;806;401;1207;410;0;1279;775;561;587;137;120;174;370;423
20251222;2086;371;425;1763;154;1066;1285;802;2087;935;0;2573;1637;1247;809;299;78;233;579;656
20251223;1242;194;332;987;138;668;820;506;1326;593;0;1658;917;763;512;202;45;118;297;392
20251224;558;105;174;398;62;227;304;185;489;201;0;623;373;195;195;80;24;61;150;139
20251225;394;139;133;376;64;217;324;219;543;190;0;653;355;135;264;126;52;70;179;120
20251226;600;243;161;567;128;289;387;255;642;251;0;788;533;251;580;176;164;162;400;190
20251227;750;320;227;777;131;390;547;278;825;314;0;961;662;371;733;144;157;176;450;300
20251228;739;280;177;747;101;330;635;324;959;296;0;1010;685;309;607;126;133;209;440;278
20251229;1217;410;356;1153;167;646;744;441;1185;570;0;1510;1076;602;869;244;183;264;664;386
20251230;957;257;262;860;117;517;657;369;1026;454;0;1323;802;547;475;167;55;152;371;294
20251231;646;191;155;574;96;321;416;243;659;281;0;836;534;327;283;129;36;101;249;187
20240101;0;459;209;978;124;379;692;304;996;458;80;765;770;269;800;309;170;317;591;
20240102;0;372;401;1046;149;706;1017;539;1556;606;93;1600;1109;593;793;226;151;227;645;
20240103;0;873;463;1689;275;1026;1616;761;2377;877;233;2256;1646;863;1369;342;309;418;1175;
20240104;0;407;321;997;156;827;1089;703;1792;595;169;1908;990;692;643;219;107;221;506;
20240105;0;692;436;1363;277;908;1377;748;2125;740;169;2106;1441;760;977;310;239;322;896;
20240106;0;50;88;289;51;310;336;246;582;162;46;522;431;221;96;74;14;55;111;
20240107;0;123;116;399;53;376;381;289;670;194;65;698;508;266;178;94;22;78;103;
20240108;0;262;263;866;130;878;972;620;1592;422;80;1779;1074;738;430;211;41;170;366;
20240109;0;326;279;870;147;969;1030;665;1695;491;126;2073;1192;814;505;239;55;217;407;
20240110;0;349;315;1022;148;1063;1151;778;1929;497;121;2308;1269;890;602;239;63;230;470;
20240111;0;407;316;1068;172;1149;1362;868;2230;551;171;2413;1443;965;633;266;85;268;536;
20240112;0;345;338;982;150;1043;1212;718;1930;532;141;2130;1218;876;590;262;78;259;497;
20240113;0;360;192;639;109;769;817;484;1301;371;137;1158;835;530;433;149;89;185;377;
20240114;0;440;201;865;145;612;660;467;1127;405;146;1034;936;432;674;177;157;269;574;
20240115;0;505;377;1321;192;1294;1474;902;2376;664;190;2743;1640;1084;815;316;98;305;755;
20240116;0;561;394;1348;232;1343;1582;991;2573;704;178;2821;1686;1128;910;339;128;318;772;
20240117;0;471;386;1396;241;1378;1492;941;2433;652;161;2750;1606;1157;818;304;104;314;709;
20240118;0;374;250;1027;147;1100;1283;747;2030;573;158;2172;1285;923;585;255;108;231;493;
20240119;0;406;385;1144;184;1176;1405;837;2242;618;183;2447;1488;985;681;246;86;276;559;
20240120;0;456;257;860;131;874;938;575;1513;467;178;1341;934;599;770;195;186;251;755;
20240121;0;552;230;1014;165;677;931;483;1414;488;107;1155;1068;478;993;229;205;306;749;
20240122;0;480;361;902;205;1323;1560;907;2467;724;162;2758;1687;1111;847;295;124;255;757;
20240123;0;532;377;1310;201;1433;1764;1062;2826;709;197;3030;1710;1205;770;283;103;299;695;
20240124;0;547;381;1213;208;1450;1758;1041;2799;714;184;3005;1685;1213;820;272;115;331;731;
20240125;0;659;442;1620;231;1586;1998;1167;3165;863;211;3290;1947;1328;1115;343;141;392;949;
20240126;0;522;457;1302;202;1466;1844;1014;2858;702;204;2806;1620;1232;867;292;149;317;758;
20240127;0;512;287;955;157;906;1110;621;1731;554;171;1448;1063;628;579;172;148;213;675;
20240128;0;1088;290;1444;400;873;1161;577;1738;802;184;1387;1357;620;725;344;553;547;1485;
20240129;0;701;476;1645;286;1584;1890;1007;2897;908;202;3039;1933;1326;1076;356;208;376;1044;
20240130;0;752;482;1775;310;1682;2066;1123;3189;1005;198;3444;2219;1411;1241;399;203;443;1164;
20240131;0;633;497;1682;259;1748;1999;1113;3112;951;249;3187;2021;1468;1134;383;141;379;960;
20240201;0;415;451;1283;157;1465;1564;960;2524;727;166;2649;1701;1170;1115;262;92;291;626;
20240202;0;615;448;1435;232;1439;1632;909;2541;798;210;2598;1717;1147;1138;318;207;375;838;
20240203;0;776;312;1036;237;1048;1091;663;1754;578;240;1333;1077;639;825;241;224;346;863;
20240204;0;641;245;888;211;662;791;555;1346;479;125;1085;968;401;867;161;167;199;641;
20240205;0;445;407;1404;167;1119;1054;1159;2213;681;176;2415;1536;890;1016;290;168;288;637;
20240206;0;682;410;1610;256;1323;1298;1346;2644;777;249;2698;1823;1055;1208;310;190;299;893;
20240207;0;642;416;1655;244;1419;1281;1367;2648;814;240;2906;1815;1133;1203;334;216;368;871;
20240208;0;532;472;1594;200;1282;1209;1323;2532;852;217;2734;1682;1026;1121;319;174;347;819;
20240209;0;833;477;1559;316;1185;1332;1236;2568;889;219;2379;1594;947;1073;320;324;372;1111;
20240210;0;1572;420;1803;484;1191;1404;746;2150;1042;286;1553;1607;725;1222;389;744;613;1900;
20240211;0;227;176;676;72;616;686;442;1128;345;130;1127;803;374;717;145;47;128;257;
20240212;0;951;611;2133;362;1797;2168;1278;3446;1225;273;3600;2386;1431;1553;482;291;476;1380;
20240213;0;853;654;2092;319;1904;2240;1361;3601;1139;283;3478;2304;1519;1597;452;226;525;1336;
20240214;0;990;688;2280;374;1917;2417;1339;3756;1259;336;3775;2484;1530;1747;521;335;567;1494;
20240215;0;871;572;2066;334;1820;2227;1256;3483;1162;291;3494;2238;1451;1449;450;281;483;1257;
20240216;0;1327;720;2446;508;1870;2496;1366;3862;1301;370;3257;2467;1493;2067;546;434;645;1884;
20240217;0;392;237;877;117;950;1062;680;1742;495;189;1338;1044;581;673;207;123;253;592;
20240218;0;1826;576;2688;594;1246;1728;807;2535;1168;347;1745;2107;759;2859;541;909;870;2600;
20240219;0;544;474;1642;205;1452;1767;1133;2900;820;177;2929;1887;1159;1055;318;115;349;790;
20240220;0;839;643;2009;317;1919;2295;1365;3660;1121;273;3610;2437;1531;1573;418;236;510;1266;
20240221;0;1040;733;2398;395;2023;2477;1399;3876;1334;293;3839;2627;1613;1844;484;309;579;1572;
20240222;0;787;633;2056;300;1952;2254;1347;3601;1130;262;3562;2407;1558;1454;451;263;513;1283;
20240223;0;312;373;1178;117;1267;1353;809;2162;689;176;2217;1533;1011;617;222;83;276;475;
20240224;0;1229;423;1552;383;1254;1622;844;2466;940;274;1731;1467;765;1551;324;447;503;1527;
20240225;0;1589;468;2010;519;1108;1478;759;2237;979;237;1588;1713;672;2095;435;695;621;1935;
20240226;0;1162;730;2434;443;1995;2555;1394;3949;1351;294;3896;2729;1594;1935;518;343;619;1669;
20240227;0;1092;777;2558;416;2142;2586;1554;4140;1409;300;4191;2951;1709;1979;507;347;621;1779;
20240228;0;1061;844;2527;403;2163;2715;1552;4267;1424;332;4129;2787;1725;1944;556;372;646;1609;
20240229;0;1311;807;2781;499;2123;2926;1567;4493;1563;361;4254;3008;1692;2203;648;488;705;1880;
20240301;0;539;562;1624;293;1681;1946;1048;2994;929;231;2954;1850;1181;1046;375;131;418;919;
20240302;0;1086;352;1537;299;1579;1677;868;2545;857;271;1778;1427;796;1292;331;320;428;1156;
20240303;0;1942;763;4131;459;1797;2636;1076;3712;1615;448;2233;3069;853;4877;785;1431;1591;4103;
20240304;0;1484;993;3393;561;2646;3337;1818;5155;1799;410;4711;3490;1857;3135;762;798;957;2592;
20240305;0;1301;823;2957;494;2775;3322;1871;5193;1574;442;4801;3255;1946;2239;622;335;632;1835;
20240306;0;1320;888;2813;503;2667;3357;1947;5304;1601;458;4995;3268;1870;2233;619;426;714;2043;
20240307;0;921;609;2056;347;2240;2606;1514;4120;1118;370;4205;2534;1572;1384;467;213;479;1186;
20240308;0;775;577;1672;295;1858;2060;1133;3193;942;294;3372;1984;1304;1077;363;164;429;1001;
20240309;0;880;348;1003;243;1655;1312;694;2006;685;215;1752;1182;832;867;244;165;268;900;
20240310;0;1092;350;1633;253;1419;1418;823;2241;908;239;1672;1503;676;1408;354;352;474;1435;
20240311;0;682;540;1456;260;1560;1657;1163;2820;840;210;2714;1908;1094;1119;353;166;351;1037;
20240312;0;383;271;916;147;1125;1094;784;1878;460;134;1933;1205;786;524;193;55;195;388;
20240313;0;1149;748;2578;438;2583;3113;2192;5305;1397;348;4446;3023;1810;1967;559;397;661;1721;
20240314;0;1273;896;3077;484;2631;3405;2396;5801;1541;405;4951;3503;1846;2449;710;544;715;2143;
20240315;0;1391;912;3130;530;2019;3247;2268;5515;1688;442;4239;3253;1769;2691;682;639;814;2271;
20240316;0;1711;560;2568;469;1387;2588;2119;4707;1337;458;2495;2362;1129;2513;547;573;867;2127;
20240317;0;1756;555;2946;414;1279;2496;1697;4193;1464;395;2216;2628;881;3170;655;817;1020;2984;
20240318;0;1335;755;2889;511;2122;3239;2282;5521;1625;411;4657;3324;1898;2297;671;386;709;1930;
20240319;0;1241;767;2945;473;2046;3345;2355;5700;1502;359;4883;3279;1980;2202;625;360;687;1817;
20240320;0;1412;847;3047;538;2174;3530;2482;6012;1717;458;5066;3462;2082;2581;743;520;753;2249;
20240321;0;1352;828;3541;511;2121;3563;2508;6071;1635;461;4948;3390;2025;2287;665;396;733;2139;
20240322;0;1245;920;3563;474;1915;3014;2124;5138;1510;403;4162;2979;1627;2293;653;501;694;2079;
20240323;0;1430;460;3392;393;1092;1772;1457;3229;1113;336;1828;1723;865;2113;448;643;624;2243;
20240324;0;1009;428;3003;240;872;1441;988;2429;843;307;1676;1626;623;1767;385;336;547;1452;
20240325;0;945;626;2636;359;1583;2481;1731;4212;1156;410;3608;2512;1400;1679;433;286;521;1323;
20240326;0;1065;651;2872;406;1670;2690;1897;4587;1293;365;3867;2696;1533;1846;451;314;535;1530;
20240327;0;1135;650;3135;428;1650;1970;1325;3295;1378;398;3857;2682;1439;2011;455;368;516;1566;
20240328;0;1080;685;3202;408;1513;1688;1127;2815;1310;342;3287;2375;1192;2075;492;414;620;1684;
20240329;0;1302;759;4620;497;1680;1829;1220;3049;1579;455;2894;2634;1131;3015;636;740;934;2410;
20240330;0;1675;555;4072;458;1073;1382;1055;2437;1310;427;1929;1847;666;2530;482;679;762;2087;
20240331;0;1392;450;1793;329;889;1274;823;2097;1161;376;1534;1793;453;2463;432;607;751;1874;
20240401;0;1607;509;2919;633;981;1238;857;2095;1343;433;1696;2173;633;2948;537;711;855;2123;
20240402;0;1194;751;2751;422;1729;1749;1315;3064;1456;371;4025;3123;1616;2014;527;274;594;1558;
20240403;0;1679;1048;4862;592;2383;2601;1964;4565;2036;485;5263;4048;2057;3551;815;829;966;2855;
20240404;0;1318;921;3886;467;2028;2411;1827;4238;1605;472;4750;3667;1837;2840;684;511;806;2309;
20240405;0;1743;1158;4994;619;2448;2747;2080;4827;2117;613;4864;4155;1986;3648;856;888;1187;2976;
20240406;0;2708;1004;8825;530;1918;2920;2093;5013;2108;806;3599;4682;1541;6441;1137;1953;2331;4953;
20240407;0;2998;1243;10676;710;1816;3234;2228;5462;2500;859;3713;6451;1460;10829;1884;3138;4049;7404;
20240408;0;2016;1316;6104;707;2885;5086;3627;8713;2440;620;6407;5178;2560;4457;1090;835;1316;3516;
20240409;0;2158;1441;6972;757;3020;5535;3947;9482;2615;675;7170;5529;2767;5093;1145;1073;1491;4025;
20240410;0;1125;735;2757;396;2073;3566;2543;6109;1367;439;5459;3340;2140;2012;529;285;590;1423;
20240411;0;1927;1214;5515;678;2754;5192;3702;8894;2336;646;6563;4878;2619;4024;980;883;1268;3364;
20240412;0;1936;1186;6296;683;2739;4795;3420;8215;2346;788;5787;4958;2440;4597;1110;1191;1586;3734;
20240413;0;2967;1185;9904;579;2108;5038;3355;8393;2306;870;4100;5464;1797;7225;1146;2146;2784;5308;
20240414;0;3056;1385;8932;720;1994;4893;2881;7774;2540;895;4129;6315;1971;9052;1488;2439;3524;6236;
20240415;0;1092;821;2617;383;1790;2913;2077;4990;1328;309;4323;3019;1749;1911;481;341;570;1572;
20240416;0;667;494;1321;234;1276;1938;1382;3320;812;249;3446;2290;1455;965;333;125;300;867;
20240417;0;1077;761;2717;377;1767;2875;2050;4925;1312;312;4883;3226;1950;1987;566;284;574;1588;
20240418;0;1090;767;3042;382;1895;3208;2287;5495;1324;366;5193;3357;2044;2221;542;347;619;1826;
20240419;0;1087;769;2544;381;1751;2658;1895;4553;1316;343;4152;3057;1781;1858;503;328;595;1453;
20240420;0;529;259;817;106;768;1152;767;1919;416;168;1502;1073;697;605;171;115;188;483;
20240421;0;913;439;1780;216;1183;1514;892;2406;763;394;2057;2262;982;1790;421;528;620;1699;
20240422;0;1083;649;2662;381;1724;2766;1972;4738;1317;246;4400;2830;1846;1946;481;283;470;1432;
20240423;0;523;440;1128;184;1074;1699;1211;2910;632;186;3049;1844;1299;824;277;98;253;597;
20240424;0;503;387;1174;195;1021;1709;1219;2928;674;193;2960;1751;1266;860;264;128;232;587;
20240425;0;1035;742;2871;385;1904;3321;2368;5689;1327;365;4764;3418;1992;2098;586;365;676;1795;
20240426;0;1546;877;3884;493;2107;3574;2549;6123;1706;614;4866;3572;1975;2838;737;637;945;2426;
20240427;0;2815;914;6372;499;1884;3435;2288;5723;1990;655;3246;3832;1120;4654;833;1429;1741;3683;
20240428;0;3460;1081;6705;667;1756;3706;2182;5888;2338;663;3333;4733;1402;6797;1295;2009;2388;5504;
20240429;0;2141;1290;6605;727;2711;5093;3632;8725;2498;605;6505;5351;2573;4821;1016;980;1482;3462;
20240430;0;2237;1413;7189;726;2967;5926;4226;10152;2490;729;7113;5724;2925;5249;1162;1100;1600;3815;
20240501;0;1938;1074;5191;859;1886;4378;2595;6973;2134;662;3744;5067;1473;7544;1113;1427;2085;4378;
20240502;0;1222;1004;3874;567;2406;4380;2882;7262;1894;528;5896;4163;2123;3220;772;528;958;2409;
20240503;0;636;578;1880;246;1264;2241;1475;3716;829;244;3017;2017;1162;1100;374;129;348;765;
20240504;0;3270;948;4104;662;2145;4105;2513;6618;1957;637;3392;4291;1593;5223;986;1396;1661;3749;
20240505;0;4637;1079;5161;1007;1898;4007;2375;6382;2491;643;3486;5039;1299;7078;1282;2372;2374;5354;
20240506;0;2121;1227;4751;681;2584;4915;3235;8150;2280;562;6140;5104;2234;4303;892;933;1177;3160;
20240507;0;1326;908;3623;531;2314;4325;2846;7171;1782;428;5886;3885;1968;2488;644;343;689;1846;
20240508;0;828;638;2458;320;1609;2839;1869;4708;1067;312;4052;2639;1321;1425;447;209;438;1071;
20240509;0;4768;1107;4977;999;1886;4264;2527;6791;2482;710;3384;4865;1294;7048;1436;2173;2498;5410;
20240510;0;2569;1205;3925;627;2267;4441;2923;7364;2094;647;4631;4226;1477;4089;899;1123;1416;2965;
20240511;0;3337;961;3852;660;1861;3899;2387;6286;1943;683;3154;4062;1219;5208;906;1544;1763;3839;
20240512;0;3645;1103;4508;818;1682;3661;2170;5831;2015;682;3135;4412;1040;6310;1171;1793;1913;4410;
20240513;0;2349;1211;4721;728;2828;4996;3289;8285;2432;634;6529;5070;2098;3855;955;720;1155;3076;
20240514;0;2918;1375;5517;820;2933;6003;3950;9953;2747;672;7361;5928;2403;5171;1200;1101;1604;4162;
20240515;0;2701;1326;5311;786;2935;5830;3837;9667;2620;665;7289;5699;2159;4755;1193;1012;1397;3873;
20240516;0;1556;903;3582;496;2284;4066;2676;6742;1645;457;5817;3845;1888;2598;639;350;715;1949;
20240517;0;468;392;1782;194;1029;1752;1153;2905;662;260;2809;1930;943;684;323;93;225;505;
20240518;0;2635;808;3037;568;1702;3324;2035;5359;1672;578;2824;3197;996;4040;807;1066;1132;2978;
20240519;0;4150;1135;5543;1003;1826;3903;2313;6216;2466;729;3207;5458;959;8036;1358;2564;2791;5414;
20240520;0;4306;1299;5836;943;1856;4083;2420;6503;2347;748;3517;5717;1099;7797;1410;2531;2752;5621;
20240521;0;832;714;2679;337;1639;3014;1984;4998;1116;346;4285;2877;1350;1566;481;239;509;1114;
20240522;0;2002;1062;4289;641;2517;4687;3085;7772;2132;552;6141;4609;1916;3624;875;642;997;2740;
20240523;0;2999;1260;5379;758;2981;5767;3796;9563;2546;652;7146;5780;2194;4834;1163;1157;1538;3752;
20240524;0;1474;794;3046;406;1765;3298;2170;5468;1354;367;4233;3274;1410;2081;580;387;653;1639;
20240525;0;1353;523;2105;365;1369;2297;1406;3703;1081;310;2256;2205;990;2097;479;385;562;1458;
20240526;0;3436;874;4281;779;1572;3552;2106;5658;1931;605;3019;4179;1044;5147;1019;1437;1627;4149;
20240527;0;2908;1297;5585;776;2986;5506;3624;9130;2596;620;6882;5995;2112;5443;1139;1220;1519;3976;
20240528;0;2136;1198;4922;617;2765;5029;3310;8339;2068;588;6671;5288;2046;4123;964;611;1119;2976;
20240529;0;2826;1371;5275;742;2916;5582;3673;9255;2466;694;6872;5674;2063;5005;1142;1164;1530;3708;
20240530;0;4067;1064;4076;844;1599;3305;1958;5263;2082;521;3050;3980;925;6138;1094;1943;1716;4667;
20240531;0;867;508;1772;235;1101;1919;1262;3181;798;262;2600;1923;737;1142;305;200;356;802;
20240601;0;1541;547;1985;356;1262;2469;1467;3936;1036;371;2339;2084;761;3288;498;508;648;1719;
20240602;0;3129;1040;3701;728;1500;3179;1773;4952;1917;504;3019;3620;920;8260;1022;1405;1472;4149;
20240603;0;1200;859;3015;478;1618;2838;1807;4645;1369;333;4028;3244;1348;3767;523;389;626;1457;
20240604;0;2070;954;4295;597;2365;4089;2602;6691;1842;455;5694;4609;1816;5368;768;730;977;2480;
20240605;0;3506;1458;6326;1051;3110;6005;3822;9827;2923;762;7358;6799;2230;10425;1403;1669;1961;4879;
20240606;0;2750;1206;5516;795;2914;5737;3652;9389;2398;640;6860;5928;2118;7720;1068;1080;1470;3800;
20240607;0;2563;1228;5562;791;2911;5311;3380;8691;2605;715;6211;5510;1921;4740;1064;1111;1741;3377;
20240608;0;3020;1068;5960;898;1692;2588;1538;4126;1944;627;3622;4511;1254;5550;1017;1595;1831;4210;
20240609;0;2404;999;4059;798;1327;2825;1575;4400;1523;454;2661;3496;918;4227;825;1219;1279;3061;
20240610;0;633;507;1752;292;1167;1813;1154;2967;822;243;2867;2613;955;1118;388;160;293;873;
20240611;0;2487;1047;4521;654;2510;4588;2920;7508;2101;566;6321;6498;2018;3622;1000;707;1073;2910;
20240612;0;1277;772;3054;421;1792;3247;2067;5314;1440;390;4970;4456;1525;2304;637;357;663;1798;
20240613;0;2003;1012;4145;639;2399;4454;2835;7289;1950;539;5896;6030;1900;3306;836;586;932;2614;
20240614;0;2446;1194;5032;821;2634;4558;2901;7459;2249;640;5586;6973;1858;4134;977;951;1155;3257;
20240615;0;3433;892;6515;746;1862;3562;2116;5678;1887;543;3260;6052;1228;5873;1065;1281;2053;4072;
20240616;0;3664;1064;5736;1012;1572;3269;1823;5092;2141;552;3000;6810;1069;5793;1071;1586;1811;4568;
20240617;0;2861;1486;6980;958;2980;5964;3796;9760;2684;654;7199;8308;2300;6141;1327;1267;1869;4206;
20240618;0;3207;1507;10732;969;3224;5922;3768;9690;2699;740;7471;8361;2406;7135;1461;1416;2661;4770;
20240619;0;2991;1375;11863;885;3025;5894;3751;9645;2524;737;7466;7826;2417;7661;1628;1313;2951;4973;
20240620;0;2910;1340;7212;957;2924;5785;3681;9466;2567;662;6953;7952;2447;5386;1201;1056;1785;4272;
20240621;0;2689;1282;5347;671;2468;4848;3085;7933;1996;647;5662;6191;1983;6260;1628;1012;1369;4086;
20240622;0;2465;779;4078;477;1710;3096;1839;4935;1389;548;2888;4481;1108;4410;1252;897;1054;3148;
20240623;0;4665;1252;7655;1009;1855;3872;2159;6031;2243;632;3540;7093;1306;8689;1991;2189;1724;6298;
20240624;0;2816;1363;7686;1028;2915;5642;3590;9232;2616;709;6721;8089;2594;6190;1296;1182;1902;4096;
20240625;0;3269;1498;6910;1040;3161;6201;3947;10148;2742;732;7413;8485;2638;6349;1308;1261;1989;4533;
20240626;0;2741;1202;5820;762;2772;5233;3330;8563;2250;621;6668;6987;2537;4745;1013;839;1450;3519;
20240627;0;2555;1149;5881;811;2723;5407;3442;8849;2423;691;6600;7485;2476;4645;1029;848;1495;3381;
20240628;0;2496;1173;6597;788;2395;4822;3069;7891;2021;677;5432;6268;2043;5243;1120;1263;1879;3645;
20240629;0;3055;942;8742;668;1767;3306;1963;5269;1433;565;3239;4614;1232;7772;1415;1450;3226;4603;
20240630;0;2886;907;7579;609;1404;2912;1624;4536;1382;420;2629;4386;916;6867;1224;1258;2886;4349;
20240701;0;1690;968;4663;576;2313;3376;2383;5759;1750;426;4919;4474;1813;3136;790;488;987;2407;
20240702;0;2559;1191;6251;888;3034;4482;3165;7647;2335;590;6459;5903;2308;4490;999;764;1356;3470;
20240703;0;2369;1105;5593;697;2764;4307;3039;7346;2168;549;5856;5357;2155;4064;988;905;1194;3136;
20240704;0;2789;1196;6205;829;2793;4520;3189;7709;2267;563;6011;5642;2219;4765;1035;997;1387;3728;
20240705;0;2816;1281;7496;790;2556;4381;3095;7476;2064;536;5113;5701;1834;5579;1197;1175;1770;3795;
20240706;0;2958;878;8068;723;1824;3175;2152;5327;1752;552;2949;5319;1075;6469;1124;1246;2561;4079;
20240707;0;2732;777;4194;580;1239;2283;1675;3958;1371;356;2251;3033;792;3919;780;1131;1141;2917;
20240708;0;2495;1202;5989;776;2631;4017;2834;6851;2207;568;5391;5614;1966;4686;1084;954;1485;3667;
20240709;0;3079;1331;9191;941;2886;5145;3628;8773;2451;568;6204;7488;2117;7331;1413;1420;2459;5148;
20240710;0;2689;1294;9414;773;2658;4938;3483;8421;2105;573;5826;7314;2095;7169;1326;1191;2649;4683;
20240711;0;2452;1134;8173;744;2473;4341;3067;7408;1997;526;5417;6431;2027;5929;1374;1072;2172;4139;
20240712;0;1986;981;6033;587;1975;3265;2299;5564;1534;416;4092;4734;1415;4708;1013;976;1793;3131;
20240713;0;3205;944;7457;659;1639;3153;2137;5290;1568;560;2860;4870;1016;5735;1100;1303;2245;3851;
20240714;0;3714;1029;9812;878;1611;3344;2455;5799;1745;544;3008;6055;1060;7957;1526;1988;2986;5229;
20240715;0;2569;1199;8494;795;2563;4417;3116;7533;2120;531;5524;6545;1906;6565;1403;1227;2214;4302;
20240716;0;2924;1275;9449;865;2985;4929;3475;8404;2160;568;6067;6891;2164;7389;1513;1315;2586;4912;
20240717;0;3024;1248;8470;825;2742;5119;3609;8728;2484;579;6101;1411;2200;6822;1349;1228;2113;4504;
20240718;0;2846;1327;8908;765;2580;4908;3466;8374;2228;562;5713;761;2035;6752;1393;1345;2253;4648;
20240719;0;2782;1191;8506;714;2366;4226;2982;7208;1949;606;4761;1182;1639;6227;1376;1211;2351;4079;
20240720;0;2624;1001;4896;658;1798;3284;2226;5510;1594;491;2876;665;1128;4132;912;987;1432;3138;
20240721;0;4125;1112;10510;825;1552;3164;2323;5487;1728;522;3027;1236;1019;8821;1584;2268;3189;5744;
20240722;0;2326;1192;6351;661;2572;4090;2884;6974;2029;548;5248;912;1815;4873;1121;914;1447;3341;
20240723;0;2856;1236;7234;780;2790;5109;3604;8713;2453;562;6016;1081;2138;5738;1191;1176;1739;4153;
20240724;0;2452;1164;5866;697;2463;4690;3309;7999;2082;505;5515;1019;1911;4254;964;726;1324;3312;
20240725;0;3012;1344;6880;856;2594;5054;3559;8613;2452;616;6414;1088;2116;5502;1185;1225;1487;4120;
20240726;0;3008;1235;7451;666;2404;4546;3206;7752;2135;586;5346;906;1794;5743;1302;1275;1751;4080;
20240727;0;3144;911;8323;575;1593;3286;2227;5513;1518;506;3393;914;1113;6409;1266;1380;2222;4329;
20240728;0;3110;879;5586;743;1419;3004;2201;5205;1636;465;2950;631;1011;4719;1065;1223;1560;3592;
20240729;0;2703;1337;7190;865;2602;4872;3436;8308;2401;600;5583;982;1936;5895;1212;1265;1734;4203;
20240730;0;3220;1487;8475;934;2734;5483;3870;9353;2684;637;6154;1213;2153;6688;1393;1516;2223;4895;
20240731;0;3402;1430;9106;846;2623;5158;3638;8796;2587;649;6075;971;2066;7224;1462;1383;2323;5080;
20240801;0;2588;1195;6829;796;2593;4624;3258;7882;2350;523;5532;851;1982;5156;1104;957;1708;3821;
20240802;0;2446;1086;5652;647;2167;4033;2847;6880;1795;513;4691;739;1581;4365;950;805;1325;3023;
20240803;0;3328;975;6620;747;1784;3284;2226;5510;1754;531;2899;861;1063;5710;980;1344;1824;3814;
20240804;0;2056;704;3897;545;1238;2347;1721;4068;1225;361;2327;470;750;2995;687;765;986;2246;
20240805;0;1676;879;4205;532;1942;3101;2191;5292;1647;400;4234;524;1403;3005;739;543;872;2184;
20240806;0;3700;1424;8067;1015;2635;5133;3621;8754;2656;601;5840;803;1966;6835;1281;1651;2017;5057;
20240807;0;3268;1496;8244;949;2711;4897;3457;8354;2454;625;5923;699;1956;6941;1359;1429;2184;4967;
20240808;0;2211;1099;4973;537;2151;3676;2591;6267;1699;464;4907;973;1602;3977;822;832;1334;2936;
20240809;0;2892;1252;6402;812;2239;4367;3081;7448;2056;582;4457;693;1607;5612;1133;1251;2020;4059;
20240810;0;3303;1005;6910;602;1691;3339;2260;5599;1501;534;2745;601;968;6115;1052;1475;2217;4123;
20240811;0;3668;1053;8108;701;1389;2921;2138;5059;1578;510;2506;654;863;7551;1376;1841;2808;4855;
20240812;0;2547;1208;6628;786;2357;4253;3000;7253;2134;580;4688;693;1638;5791;1197;1175;1897;3927;
20240813;0;2601;1184;6917;690;2292;4368;3081;7449;2122;519;5128;771;1834;5978;1245;1058;2077;4175;
20240814;0;2413;1135;6037;626;2146;3869;2731;6600;1809;449;4558;578;1542;5379;1063;1051;1608;3400;
20240815;0;3369;966;7553;671;1368;2948;2160;5108;1546;478;2539;746;838;6844;1373;1743;2380;4428;
20240816;0;2364;1049;5885;544;1720;3433;2423;5856;1543;469;3198;895;1109;5088;1051;981;1698;3239;
20240817;0;2146;672;3230;400;1016;2198;1490;3688;999;353;1827;536;639;3336;633;877;1023;2218;
20240818;0;2731;891;5014;693;1278;2720;1994;4714;1485;447;2319;749;795;5201;1007;1383;1557;3369;
20240819;0;2185;1169;5265;703;2282;3861;2729;6590;1971;515;4798;966;1911;4052;964;744;1390;3052;
20240820;0;2854;1321;6221;847;2545;4475;3162;7637;2415;568;5405;616;2121;5603;1223;1175;1670;4021;
20240821;0;2361;1137;4964;653;2205;3833;2704;6537;2032;473;4496;3584;1809;3972;859;657;1123;3051;
20240822;0;2801;1428;5970;886;2436;4639;3275;7914;2389;600;4824;5522;1948;5243;1121;1178;1517;3852;
20240823;0;2973;1320;6989;789;2278;4138;2916;7054;2076;578;4015;5539;1664;5736;1195;1315;2092;4048;
20240824;0;3107;1073;7990;644;1614;3332;2256;5588;1553;599;2328;5784;1037;7237;1264;1626;2325;4173;
20240825;0;3643;1011;8134;800;1405;2988;2194;5182;1582;543;2371;5628;984;7194;1316;1675;2659;4587;
20240826;0;2425;1290;6151;750;2480;4260;3003;7263;2185;585;4852;5743;2114;4799;1178;913;1738;3510;
20240827;0;2853;1477;6707;907;2651;4578;3233;7811;2603;687;5277;6370;2360;5589;1255;1147;1674;4299;
20240828;0;3183;1381;7632;900;2674;4596;3242;7838;2538;650;5156;6923;2254;6504;1419;1330;2044;4883;
20240829;0;2745;1273;7440;808;2760;4423;3118;7541;2346;606;5493;6684;2227;6494;1424;1276;2191;4515;
20240830;0;2696;1308;6839;701;2390;4036;2852;6888;2083;609;4889;6070;1878;5915;1215;1107;1919;3915;
20240831;0;3017;1064;7128;625;1764;3206;2261;5467;1538;564;2949;5557;1161;6404;1162;1308;2288;3861;
20240901;0;3523;1053;8212;794;1601;3149;2222;5371;1767;464;2977;6328;1150;7858;1427;1772;2471;5014;
20240902;0;2452;1415;6017;783;2562;4144;2922;7066;2320;480;5943;6042;2315;4863;1213;927;1541;3492;
20240903;0;2910;1590;7349;950;2874;4736;3214;7950;2788;600;6608;7237;2563;6597;1362;1159;2052;4572;
20240904;0;2933;1538;7648;915;2848;4757;3488;8245;2484;611;6644;7270;2542;6332;1353;1181;1932;4776;
20240905;0;2781;1581;7395;900;2749;4859;3431;8290;2404;570;6524;7078;2518;6030;1670;1023;2552;4612;
20240906;0;2600;1410;5841;827;2673;4489;3168;7657;2175;520;5424;5851;2146;4683;1077;863;1418;3593;
20240907;0;3168;1042;6659;777;2083;3446;2430;5876;1668;550;3412;5399;1361;6578;1247;831;2189;4308;
20240908;0;4350;1098;8536;956;1635;3436;2423;5859;1908;515;3165;6401;1180;8635;1534;1096;2902;5450;
20240909;0;388;412;1170;203;895;1011;711;1722;595;118;1928;1657;860;759;273;95;247;580;
20240910;0;2247;1212;4675;761;2460;4029;2730;6759;2170;520;5829;5415;2301;4003;898;744;1103;2995;
20240911;0;3145;1354;5530;952;2584;4685;3441;8126;2591;574;6191;6112;2321;5065;1173;1034;1316;4158;
20240912;0;363;393;1057;160;832;1181;835;2016;562;143;2095;1917;923;749;271;72;212;526;
20240913;0;139;147;377;102;337;474;329;803;232;47;919;616;364;271;108;34;89;209;
20240914;0;59;83;194;42;176;205;140;345;118;32;360;261;169;108;43;13;21;62;
20240915;0;88;89;508;40;183;214;156;370;182;163;443;473;151;239;72;82;75;148;
20240916;0;133;218;806;103;564;751;532;1283;532;164;1439;1130;555;466;153;82;159;346;
20240917;0;804;816;3281;371;2182;3280;2221;5501;1865;475;4771;4047;1941;2600;651;625;727;1698;
20240918;0;1305;1233;4517;642;2376;4018;2948;6966;2039;530;5808;5342;2379;3723;957;1012;971;2727;
20240919;0;1309;1120;4307;676;2265;4232;2984;7216;2024;492;5695;5085;2270;3476;848;856;950;2499;
20240920;0;1705;1152;4329;651;2177;4005;2829;6834;1889;522;5376;4966;2190;3730;854;942;939;2732;
20240921;0;2179;888;4046;753;1810;4020;2840;6860;1530;549;3573;4018;1502;4053;805;1241;1085;3178;
20240922;0;2880;1014;4679;1033;1596;3252;2292;5544;1737;439;2825;4082;1158;5359;993;1672;1469;3896;
20240923;0;1906;1282;4544;851;2487;3976;2806;6782;2107;551;5756;5186;2352;4268;1034;925;1102;3114;
20240924;0;973;817;2930;504;1872;2960;2004;4964;1467;360;4878;3826;1883;2217;540;289;575;1692;
20240925;0;1996;1154;4366;704;2311;3825;2806;6631;1994;489;5828;5140;2390;3576;924;738;936;2944;
20240926;0;2000;1106;4441;700;2283;3807;2686;6493;2054;521;6036;5211;2463;3573;860;727;920;2781;
20240927;0;604;590;2003;252;1279;2166;1525;3691;963;289;3526;2526;1446;1209;410;159;363;946;
20240928;0;1495;543;2286;498;1271;2010;1229;3239;1102;352;2614;2434;1213;2206;520;489;637;1608;
20240929;0;2046;562;2410;452;1144;2002;1167;3169;1097;287;2357;2479;973;2445;483;611;761;1986;
20240930;0;1584;972;3481;637;2005;4925;3065;7990;1779;408;5165;4319;2230;2773;726;524;741;2177;
20241001;0;1655;1089;3786;661;2189;3865;2704;6569;1873;433;5650;4709;2478;3115;824;626;764;2490;
20241002;0;535;583;1641;271;1126;2417;1711;4128;842;208;3526;2341;1451;1108;341;134;290;880;
20241003;0;1157;801;2881;482;1695;3792;2681;6473;1526;400;5538;3826;2149;2221;620;335;606;1790;
20241004;0;388;299;914;170;818;1656;1179;2835;484;184;2418;1368;953;609;227;64;198;409;
20241005;0;669;409;1434;249;881;2199;1516;3715;651;250;2227;1779;782;1151;323;232;309;896;
20241006;0;2287;656;2694;517;1036;2055;1453;3508;1295;334;2258;2552;966;2982;625;876;687;2565;
20241007;0;1654;904;3343;615;2028;3784;2657;6441;1716;378;5531;4298;2248;2802;707;570;777;2296;
20241008;0;2005;1112;4257;717;2257;4307;3050;7357;1970;462;6289;4983;2531;3678;915;754;952;2886;
20241009;0;1205;798;2980;407;1786;2873;2015;4888;1396;390;4193;3632;2091;2181;638;424;618;1761;
20241010;0;931;734;2408;331;1467;3048;2154;5202;1195;286;4451;3166;1822;1664;478;249;530;1274;
20241011;0;1212;778;2585;499;1785;2953;2085;5038;1361;404;4314;3271;1838;1999;513;352;514;1576;
20241012;0;1876;605;2595;491;1369;2563;1795;4358;1210;395;2596;2690;1132;2665;572;749;647;2230;
20241013;0;1178;426;1728;366;904;1726;1225;2951;748;251;1901;1727;743;1521;336;358;437;1372;
20241014;0;1584;946;3085;530;1931;3739;2650;6389;1781;344;5462;4115;2190;2624;733;518;677;2260;
20241015;0;1500;920;3346;633;1968;4043;2865;6908;1717;446;5899;4453;2292;2734;779;480;696;2224;
20241016;0;1220;916;3088;554;1895;3828;2690;6518;1551;385;5599;3977;2297;2449;689;343;646;1805;
20241017;0;892;708;2417;428;1675;3458;2449;5907;1407;335;5048;3400;2021;1727;497;274;555;1355;
20241018;0;1123;732;2615;453;1652;3053;2187;5240;1345;405;4459;3307;1850;1932;489;373;555;1492;
20241019;0;1416;569;1980;414;1252;2424;1672;4096;1083;343;2460;2298;1176;1773;478;466;539;1622;
20241020;0;2359;506;2626;589;1164;2118;1490;3608;1306;336;2328;2495;1008;2707;653;713;813;2584;
20241021;0;1495;1027;3267;643;1924;3789;2688;6477;1720;377;5533;4392;2280;2766;790;608;732;2300;
20241022;0;1451;951;3310;556;1999;4171;2944;7115;1750;419;6086;4310;2367;2773;688;503;740;2154;
20241023;0;621;601;2079;325;1479;3031;2159;5190;1036;309;4419;2954;1845;1388;436;164;348;993;
20241024;0;1206;891;3054;561;2029;3748;2654;6402;1553;370;5477;3930;2287;2378;605;462;675;1925;
20241025;0;1298;814;2696;509;1691;2967;2103;5070;1392;379;4337;3498;1910;2097;573;420;554;1660;
20241026;0;945;415;1677;326;943;2047;1426;3473;731;263;2245;1886;802;1380;324;319;291;1100;
20241027;0;1547;493;2092;460;1034;1995;1388;3383;1126;318;2187;2226;861;2255;469;669;582;1890;
20241028;0;1330;905;3050;586;1839;3415;2425;5840;1625;384;4987;3778;1958;2502;628;609;625;2072;
20241029;0;1516;917;3541;593;1926;3810;2696;6506;1836;463;5565;4231;2138;2841;675;649;740;2297;
20241030;0;1492;861;3507;604;1868;3657;2585;6242;1828;457;5341;3983;2094;2948;692;672;730;2148;
20241031;0;1112;773;2693;504;1636;3114;2206;5320;1408;354;4547;3081;1654;2044;535;456;517;1599;
20241101;0;1990;575;2737;655;1157;1471;1011;2482;1507;375;2210;2374;888;2912;591;1124;886;2512;
20241102;0;752;422;1448;250;1033;1276;811;2087;806;228;1969;1495;821;1026;262;225;322;834;
20241103;0;1359;473;1783;418;845;1219;831;2050;1077;228;1827;1927;805;1896;471;492;541;1688;
20241104;0;1057;824;2711;508;1879;3282;2203;5485;1558;313;5026;3639;2088;2064;586;400;572;1608;
20241105;0;1112;758;2785;507;1925;3491;2203;5694;1542;374;5409;3775;2292;2207;649;271;605;1675;
20241106;0;872;750;2699;416;1782;3412;2294;5706;1440;326;5138;3570;2097;1938;560;286;581;1516;
20241107;0;1020;749;2531;421;1782;3294;2222;5516;1526;368;5047;3445;2078;1976;611;328;565;1624;
20241108;0;930;708;2332;412;1642;2748;1871;4619;1374;316;4211;3162;1903;1822;505;326;486;1384;
20241109;0;1244;461;1683;308;1056;1480;955;2435;1028;298;2288;2030;1057;1711;358;472;517;1630;
20241110;0;817;378;1168;229;765;1123;772;1895;774;155;1690;1455;688;1051;298;253;285;1013;
20241111;0;740;635;2024;342;1436;2811;1894;4705;1216;247;4308;2922;1899;1419;425;180;421;1130;
20241112;0;813;650;2230;362;1545;3040;1917;4957;1217;306;4703;3174;1950;1573;512;201;456;1181;
20241113;0;627;663;2056;308;1495;2961;1989;4950;1137;243;4463;2904;1807;1480;480;187;463;1111;
20241114;0;807;658;2149;340;1508;2837;1924;4761;1248;314;4341;2928;1889;1689;493;229;520;1229;
20241115;0;575;542;1706;290;1295;2257;1525;3782;917;253;3455;2314;1423;1179;380;174;328;841;
20241116;0;1119;363;1617;305;1094;1384;895;2279;1001;262;2140;1899;1052;1624;405;417;477;1637;
20241117;0;970;384;1441;218;751;1267;862;2129;764;190;1902;1626;742;1500;341;351;356;1356;
20241118;0;708;547;1831;317;1271;2537;1704;4241;1127;217;3888;2685;1661;1368;381;197;414;1126;
20241119;0;774;627;2219;377;1491;2997;1889;4886;1290;273;4636;3174;1951;1589;454;225;457;1275;
20241120;0;532;545;1826;219;1264;2773;1875;4648;905;250;4170;2630;1547;1224;347;130;370;801;
20241121;0;701;625;2144;287;1405;3103;2102;5205;1128;263;4746;3070;1794;1405;429;179;463;1028;
20241122;0;512;496;1571;279;1141;2385;1630;4015;831;237;3651;2347;1392;1014;333;110;305;738;
20241123;0;537;305;1198;183;922;1213;785;1998;629;233;1875;1493;826;922;229;178;213;655;
20241124;0;545;276;1080;180;608;1073;731;1804;637;142;1616;1366;626;944;275;239;244;751;
20241125;0;738;606;2194;312;1406;2899;1968;4867;1197;260;4442;3106;1854;1591;446;240;438;1209;
20241126;0;793;652;2408;367;1526;3314;2239;5553;1298;281;4993;3444;1988;1794;464;293;471;1326;
20241127;0;794;635;2333;332;1538;3285;2224;5509;1249;314;4946;3318;2006;1616;475;230;481;1281;
20241128;0;452;501;1781;284;1237;2776;1873;4649;914;220;4247;2629;1703;1058;423;113;320;765;
20241129;0;330;432;1201;204;847;1897;1290;3187;621;176;2896;1839;1091;710;238;77;240;552;
20241130;0;496;303;1091;170;818;1202;767;1969;576;170;1862;1377;908;775;244;177;217;649;
20241201;0;744;255;1291;173;723;1237;543;1780;778;192;1728;1442;693;1269;281;287;318;1145;
20241202;0;646;556;1856;302;1360;1911;1099;3010;1180;267;4007;2832;1721;1335;429;210;459;1097;
20241203;0;595;526;1774;265;1253;1959;1151;3110;1055;234;4105;2759;1747;1223;554;142;342;916;
20241204;0;737;655;2025;292;1461;2126;1250;3376;1180;264;4407;2798;1873;1504;887;161;416;1150;
20241205;0;730;585;2113;302;1443;2146;1267;3413;1107;292;4330;2832;1861;1437;911;226;417;1200;
20241206;0;259;391;1077;186;827;1022;583;1605;645;164;2430;1557;1112;614;691;62;180;505;
20241207;0;612;305;1140;182;792;959;501;1460;701;207;1865;1463;854;1074;302;246;282;839;
20241208;0;354;260;777;133;553;850;392;1242;424;147;1362;1078;614;580;198;109;178;471;
20241209;0;492;428;1331;199;957;1247;744;1991;685;153;3061;2019;1345;868;422;66;307;721;
20241210;0;514;560;1651;231;1171;1812;1033;2845;959;229;3875;2528;1632;1065;389;101;337;756;
20241211;0;477;506;1697;222;1229;1817;1047;2864;934;210;3924;2524;1671;1128;624;104;404;865;
20241212;0;553;555;1830;258;1348;1701;992;2693;1003;224;4028;2665;1781;1274;424;203;369;1008;
20241213;0;465;484;1427;212;1089;1425;816;2241;814;182;3175;1985;1418;814;313;97;273;742;
20241214;0;353;291;916;146;835;987;506;1493;555;190;1758;1207;887;618;232;171;186;500;
20241215;0;421;260;879;155;600;1053;473;1526;498;146;1519;1045;637;695;187;123;195;504;
20241216;0;476;470;1320;206;947;1307;775;2082;798;231;3238;2028;1412;989;272;99;311;747;
20241217;0;725;583;2098;277;1338;1913;1123;3036;1085;277;4178;2687;1794;1461;376;165;358;1110;
20241218;0;774;645;3050;261;1399;2064;1199;3263;1237;261;4116;2873;1729;1555;399;228;410;1235;
20241219;0;528;540;2536;253;1253;1639;945;2584;981;266;3681;2391;1555;1108;436;130;327;878;
20241220;0;436;461;2057;192;995;1238;732;1970;784;225;2912;1939;1282;786;259;75;282;584;
20241221;0;574;326;1389;179;804;866;454;1320;637;204;1646;1180;717;858;236;192;200;759;
20241222;0;123;182;679;116;349;621;273;894;305;71;964;610;340;335;141;59;97;173;
20241223;0;326;383;1296;189;690;768;448;1216;598;154;1696;1226;733;609;168;103;142;495;
20241224;0;177;200;605;80;310;252;152;404;310;92;758;575;301;340;98;41;83;243;
20241225;0;270;189;504;110;290;285;165;450;312;50;607;477;161;445;128;125;105;345;
20241226;0;446;235;692;162;332;383;221;604;412;77;777;657;246;678;194;259;157;582;
20241227;0;449;355;1092;187;575;588;352;940;556;135;1258;1033;437;805;236;195;242;582;
20241228;0;430;280;1032;184;486;727;376;1103;498;132;1111;876;476;738;190;226;220;632;
20241229;0;512;285;1047;200;422;639;287;926;559;118;1012;953;403;986;238;341;254;785;
20241230;0;525;332;1302;217;749;791;479;1270;625;193;1585;1234;689;874;270;192;277;745;
20241231;0;259;203;632;103;335;398;226;624;266;85;880;599;370;323;848;43;107;275;