operator_name,domain_name,domain_id,counter_site,counter_site_id,counter_serial,longitude,latitude,timezone,iso_timestamp,channels_in,channels_out,channels_unknown,channels_all,site_temperature,site_rain_accumulation,site_snow_accumulation
Eco Counter GmbH,Stadt Ludwigsburg,6011,Hohenzollernstraße Stadtauswärts,300036572,Y2H23081053,9.19063,48.88377,(UTC+01:00) Europe/Paris DST,2026-09-17T00:00:00+02:00,18,367,na,385,na,na,na
Eco Counter GmbH,Landratsamt Rems-Murr-Kreis,7959,Schöllhütte - Ebni (L 1120),300038186,ZLT26023114,9.584773,48.92376,(UTC+01:00) Europe/Paris DST,2026-09-11T00:00:00+02:00,11,9,na,20,15.0,0.0,0.0
Eco Counter GmbH,Landratsamt Rems-Murr-Kreis,7959,Schöllhütte - Ebni (L 1120),300038186,ZLT26023114,9.584773,48.92376,(UTC+01:00) Europe/Paris DST,2026-09-12T00:00:00+02:00,29,17,na,46,16.5,0.0,0.0
Eco Counter GmbH,Landratsamt Rems-Murr-Kreis,7959,Schöllhütte - Ebni (L 1120),300038186,ZLT26023114,9.584773,48.92376,(UTC+01:00) Europe/Paris DST,2026-09-13T00:00:00+02:00,21,14,na,35,17.5,8.1,0.0
Eco Counter GmbH,Landratsamt Rems-Murr-Kreis,7959,Schöllhütte - Ebni (L 1120),300038186,ZLT26023114,9.584773,48.92376,(UTC+01:00) Europe/Paris DST,2026-09-14T00:00:00+02:00,17,5,na,22,17.5,0.5,0.0
Eco Counter GmbH,Landratsamt Rems-Murr-Kreis,7959,Schöllhütte - Ebni (L 1120),300038186,ZLT26023114,9.584773,48.92376,(UTC+01:00) Europe/Paris DST,2026-09-15T00:00:00+02:00,20,16,na,36,19.5,0.0,0.0
Eco Counter GmbH,Landratsamt Rems-Murr-Kreis,7959,Schöllhütte - Ebni (L 1120),300038186,ZLT26023114,9.584773,48.92376,(UTC+01:00) Europe/Paris DST,2026-09-16T00:00:00+02:00,5,2,na,7,17.5,3.1,0.0
Eco Counter GmbH,Landratsamt Rems-Murr-Kreis,7959,Schöllhütte - Ebni (L 1120),300038186,ZLT26023114,9.584773,48.92376,(UTC+01:00) Europe/Paris DST,2026-09-17T00:00:00+02:00,10,10,na,20,na,na,na
Eco Counter GmbH,Landratsamt Rems-Murr-Kreis,7959,Berglen - Erlenhof (K 1915),300038205,ZLT26023116,9.458814114332199,48.85560168784329,(UTC+01:00) Europe/Paris DST,2026-09-11T00:00:00+02:00,114,127,na,241,16.0,0.0,0.0
Eco Counter GmbH,Landratsamt Rems-Murr-Kreis,7959,Berglen - Erlenhof (K 1915),300038205,ZLT26023116,9.458814114332199,48.85560168784329,(UTC+01:00) Europe/Paris DST,2026-09-12T00:00:00+02:00,152,144,na,296,17.0,0.0,0.0
Eco Counter GmbH,Landratsamt Rems-Murr-Kreis,7959,Berglen - Erlenhof (K 1915),300038205,ZLT26023116,9.458814114332199,48.85560168784329,(UTC+01:00) Europe/Paris DST,2026-09-13T00:00:00+02:00,145,136,na,281,18.5,2.2,0.0
Eco Counter GmbH,Landratsamt Rems-Murr-Kreis,7959,Berglen - Erlenhof (K 1915),300038205,ZLT26023116,9.458814114332199,48.85560168784329,(UTC+01:00) Europe/Paris DST,2026-09-14T00:00:00+02:00,139,129,na,268,18.5,0.3,0.0
Eco Counter GmbH,Landratsamt Rems-Murr-Kreis,7959,Berglen - Erlenhof (K 1915),300038205,ZLT26023116,9.458814114332199,48.85560168784329,(UTC+01:00) Europe/Paris DST,2026-09-15T00:00:00+02:00,180,170,na,350,20.0,0.0,0.0
Eco Counter GmbH,Landratsamt Rems-Murr-Kreis,7959,Berglen - Erlenhof (K 1915),300038205,ZLT26023116,9.458814114332199,48.85560168784329,(UTC+01:00) Europe/Paris DST,2026-09-16T00:00:00+02:00,86,70,na,156,18.0,3.5,0.0
Eco Counter GmbH,Landratsamt Rems-Murr-Kreis,7959,Berglen - Erlenhof (K 1915),300038205,ZLT26023116,9.458814114332199,48.85560168784329,(UTC+01:00) Europe/Paris DST,2026-09-17T00:00:00+02:00,100,128,na,228,na,na,na
Eco Counter GmbH,Landratsamt Rems-Murr-Kreis,7959,Murrhardt - Fornsbach (L 1066),300038212,ZLT26013010,9.6322,48.970707,(UTC+01:00) Europe/Paris DST,2026-09-11T00:00:00+02:00,85,75,na,160,15.0,0.0,0.0
Eco Counter GmbH,Landratsamt Rems-Murr-Kreis,7959,Murrhardt - Fornsbach (L 1066),300038212,ZLT26013010,9.6322,48.970707,(UTC+01:00) Europe/Paris DST,2026-09-12T00:00:00+02:00,126,115,na,241,16.5,0.0,0.0
Eco Counter GmbH,Landratsamt Rems-Murr-Kreis,7959,Murrhardt - Fornsbach (L 1066),300038212,ZLT26013010,9.6322,48.970707,(UTC+01:00) Europe/Paris DST,2026-09-13T00:00:00+02:00,86,95,na,181,17.5,8.1,0.0
Eco Counter GmbH,Landratsamt Rems-Murr-Kreis,7959,Murrhardt - Fornsbach (L 1066),300038212,ZLT26013010,9.6322,48.970707,(UTC+01:00) Europe/Paris DST,2026-09-14T00:00:00+02:00,81,82,na,163,17.5,0.5,0.0
Eco Counter GmbH,Landratsamt Rems-Murr-Kreis,7959,Murrhardt - Fornsbach (L 1066),300038212,ZLT26013010,9.6322,48.970707,(UTC+01:00) Europe/Paris DST,2026-09-15T00:00:00+02:00,138,145,na,283,19.5,0.0,0.0
Eco Counter GmbH,Landratsamt Rems-Murr-Kreis,7959,Murrhardt - Fornsbach (L 1066),300038212,ZLT26013010,9.6322,48.970707,(UTC+01:00) Europe/Paris DST,2026-09-16T00:00:00+02:00,42,48,na,90,17.5,3.1,0.0
Eco Counter GmbH,Landratsamt Rems-Murr-Kreis,7959,Murrhardt - Fornsbach (L 1066),300038212,ZLT26013010,9.6322,48.970707,(UTC+01:00) Europe/Paris DST,2026-09-17T00:00:00+02:00,75,69,na,144,na,na,na
Eco Counter GmbH,Landratsamt Rems-Murr-Kreis,7959,Birkenweisbuch - Schornbach (K 1916),300038214,ZLT25082346,9.50217,48.835323,(UTC+01:00) Europe/Paris DST,2026-09-11T00:00:00+02:00,49,41,na,90,15.0,0.0,0.0
Eco Counter GmbH,Landratsamt Rems-Murr-Kreis,7959,Birkenweisbuch - Schornbach (K 1916),300038214,ZLT25082346,9.50217,48.835323,(UTC+01:00) Europe/Paris DST,2026-09-12T00:00:00+02:00,39,42,na,81,16.5,0.0,0.0
Eco Counter GmbH,Landratsamt Rems-Murr-Kreis,7959,Birkenweisbuch - Schornbach (K 1916),300038214,ZLT25082346,9.50217,48.835323,(UTC+01:00) Europe/Paris DST,2026-09-13T00:00:00+02:00,35,34,na,69,17.5,8.1,0.0
Eco Counter GmbH,Landratsamt Rems-Murr-Kreis,7959,Birkenweisbuch - Schornbach (K 1916),300038214,ZLT25082346,9.50217,48.835323,(UTC+01:00) Europe/Paris DST,2026-09-14T00:00:00+02:00,35,31,na,66,18.0,0.5,0.0
Eco Counter GmbH,Landratsamt Rems-Murr-Kreis,7959,Birkenweisbuch - Schornbach (K 1916),300038214,ZLT25082346,9.50217,48.835323,(UTC+01:00) Europe/Paris DST,2026-09-15T00:00:00+02:00,60,48,na,108,19.5,0.0,0.0
Eco Counter GmbH,Landratsamt Rems-Murr-Kreis,7959,Birkenweisbuch - Schornbach (K 1916),300038214,ZLT25082346,9.50217,48.835323,(UTC+01:00) Europe/Paris DST,2026-09-16T00:00:00+02:00,53,18,na,71,17.5,3.1,0.0
Eco Counter GmbH,Landratsamt Rems-Murr-Kreis,7959,Birkenweisbuch - Schornbach (K 1916),300038214,ZLT25082346,9.50217,48.835323,(UTC+01:00) Europe/Paris DST,2026-09-17T00:00:00+02:00,52,24,na,76,na,na,na
Eco Counter GmbH,Landratsamt Rems-Murr-Kreis,7959,Nellmersbach - Erbstetten (K 1846),300038236,ZLT24091224,9.400096047174886,48.914461322817054,(UTC+01:00) Europe/Paris DST,2026-09-11T00:00:00+02:00,30,42,na,72,16.0,0.0,0.0
Eco Counter GmbH,Landratsamt Rems-Murr-Kreis,7959,Nellmersbach - Erbstetten (K 1846),300038236,ZLT24091224,9.400096047174886,48.914461322817054,(UTC+01:00) Europe/Paris DST,2026-09-12T00:00:00+02:00,46,32,na,78,17.0,0.0,0.0
Eco Counter GmbH,Landratsamt Rems-Murr-Kreis,7959,Nellmersbach - Erbstetten (K 1846),300038236,ZLT24091224,9.400096047174886,48.914461322817054,(UTC+01:00) Europe/Paris DST,2026-09-13T00:00:00+02:00,42,45,na,87,18.5,2.2,0.0
Eco Counter GmbH,Landratsamt Rems-Murr-Kreis,7959,Nellmersbach - Erbstetten (K 1846),300038236,ZLT24091224,9.400096047174886,48.914461322817054,(UTC+01:00) Europe/Paris DST,2026-09-14T00:00:00+02:00,31,22,na,53,18.5,0.3,0.0
Eco Counter GmbH,Landratsamt Rems-Murr-Kreis,7959,Nellmersbach - Erbstetten (K 1846),300038236,ZLT24091224,9.400096047174886,48.914461322817054,(UTC+01:00) Europe/Paris DST,2026-09-15T00:00:00+02:00,48,44,na,92,20.0,0.0,0.0
Eco Counter GmbH,Landratsamt Rems-Murr-Kreis,7959,Nellmersbach - Erbstetten (K 1846),300038236,ZLT24091224,9.400096047174886,48.914461322817054,(UTC+01:00) Europe/Paris DST,2026-09-16T00:00:00+02:00,51,15,na,66,18.0,3.5,0.0
Eco Counter GmbH,Landratsamt Rems-Murr-Kreis,7959,Nellmersbach - Erbstetten (K 1846),300038236,ZLT24091224,9.400096047174886,48.914461322817054,(UTC+01:00) Europe/Paris DST,2026-09-17T00:00:00+02:00,39,38,na,77,na,na,na
Eco Counter GmbH,Landratsamt Rems-Murr-Kreis,7959,Erbstetten - Burgstall (K 1906),300038243,ZLT25082344,9.377255,48.923052,(UTC+01:00) Europe/Paris DST,2026-09-11T00:00:00+02:00,34,52,na,86,16.0,0.0,0.0
Eco Counter GmbH,Landratsamt Rems-Murr-Kreis,7959,Erbstetten - Burgstall (K 1906),300038243,ZLT25082344,9.377255,48.923052,(UTC+01:00) Europe/Paris DST,2026-09-12T00:00:00+02:00,29,49,na,78,17.5,0.0,0.0
Eco Counter GmbH,Landratsamt Rems-Murr-Kreis,7959,Erbstetten - Burgstall (K 1906),300038243,ZLT25082344,9.377255,48.923052,(UTC+01:00) Europe/Paris DST,2026-09-13T00:00:00+02:00,69,53,na,122,19.0,3.3,0.0
Eco Counter GmbH,Landratsamt Rems-Murr-Kreis,7959,Erbstetten - Burgstall (K 1906),300038243,ZLT25082344,9.377255,48.923052,(UTC+01:00) Europe/Paris DST,2026-09-14T00:00:00+02:00,30,39,na,69,18.0,0.0,0.0
Eco Counter GmbH,Landratsamt Rems-Murr-Kreis,7959,Erbstetten - Burgstall (K 1906),300038243,ZLT25082344,9.377255,48.923052,(UTC+01:00) Europe/Paris DST,2026-09-15T00:00:00+02:00,33,49,na,82,20.0,0.0,0.0
Eco Counter GmbH,Landratsamt Rems-Murr-Kreis,7959,Erbstetten - Burgstall (K 1906),300038243,ZLT25082344,9.377255,48.923052,(UTC+01:00) Europe/Paris DST,2026-09-16T00:00:00+02:00,62,32,na,94,18.5,2.8,0.0
Eco Counter GmbH,Landratsamt Rems-Murr-Kreis,7959,Erbstetten - Burgstall (K 1906),300038243,ZLT25082344,9.377255,48.923052,(UTC+01:00) Europe/Paris DST,2026-09-17T00:00:00+02:00,25,46,na,71,na,na,na
Eco Counter GmbH,Landratsamt Rems-Murr-Kreis,7959,Rienharz - Welzheim (K 1887),300038305,ZLT26023113,9.646162,48.86889,(UTC+01:00) Europe/Paris DST,2026-09-11T00:00:00+02:00,35,37,na,72,15.0,0.0,0.0
Eco Counter GmbH,Landratsamt Rems-Murr-Kreis,7959,Rienharz - Welzheim (K 1887),300038305,ZLT26023113,9.646162,48.86889,(UTC+01:00) Europe/Paris DST,2026-09-12T00:00:00+02:00,56,74,na,130,16.5,0.0,0.0
Eco Counter GmbH,Landratsamt Rems-Murr-Kreis,7959,Rienharz - Welzheim (K 1887),300038305,ZLT26023113,9.646162,48.86889,(UTC+01:00) Europe/Paris DST,2026-09-13T00:00:00+02:00,41,29,na,70,17.5,8.1,0.0
Eco Counter GmbH,Landratsamt Rems-Murr-Kreis,7959,Rienharz - Welzheim (K 1887),300038305,ZLT26023113,9.646162,48.86889,(UTC+01:00) Europe/Paris DST,2026-09-14T00:00:00+02:00,29,42,na,71,18.0,0.5,0.0
Eco Counter GmbH,Landratsamt Rems-Murr-Kreis,7959,Rienharz - Welzheim (K 1887),300038305,ZLT26023113,9.646162,48.86889,(UTC+01:00) Europe/Paris DST,2026-09-15T00:00:00+02:00,61,72,na,133,19.5,0.0,0.0
Eco Counter GmbH,Landratsamt Rems-Murr-Kreis,7959,Rienharz - Welzheim (K 1887),300038305,ZLT26023113,9.646162,48.86889,(UTC+01:00) Europe/Paris DST,2026-09-16T00:00:00+02:00,29,39,na,68,17.5,3.1,0.0
Eco Counter GmbH,Landratsamt Rems-Murr-Kreis,7959,Rienharz - Welzheim (K 1887),300038305,ZLT26023113,9.646162,48.86889,(UTC+01:00) Europe/Paris DST,2026-09-17T00:00:00+02:00,40,38,na,78,na,na,na
Eco Counter GmbH,Landratsamt Rems-Murr-Kreis,7959,Hellershof - Cronhütte (K 1892),300038313,ZLT25031824,9.690665,48.90954,(UTC+01:00) Europe/Paris DST,2026-09-11T00:00:00+02:00,24,18,na,42,15.0,0.0,0.0
Eco Counter GmbH,Landratsamt Rems-Murr-Kreis,7959,Hellershof - Cronhütte (K 1892),300038313,ZLT25031824,9.690665,48.90954,(UTC+01:00) Europe/Paris DST,2026-09-12T00:00:00+02:00,22,22,na,44,16.5,0.0,0.0
Eco Counter GmbH,Landratsamt Rems-Murr-Kreis,7959,Hellershof - Cronhütte (K 1892),300038313,ZLT25031824,9.690665,48.90954,(UTC+01:00) Europe/Paris DST,2026-09-13T00:00:00+02:00,137,21,na,158,17.5,8.1,0.0
Eco Counter GmbH,Landratsamt Rems-Murr-Kreis,7959,Hellershof - Cronhütte (K 1892),300038313,ZLT25031824,9.690665,48.90954,(UTC+01:00) Europe/Paris DST,2026-09-14T00:00:00+02:00,40,16,na,56,18.0,0.5,0.0
Eco Counter GmbH,Landratsamt Rems-Murr-Kreis,7959,Hellershof - Cronhütte (K 1892),300038313,ZLT25031824,9.690665,48.90954,(UTC+01:00) Europe/Paris DST,2026-09-15T00:00:00+02:00,35,29,na,64,19.5,0.0,0.0
Eco Counter GmbH,Landratsamt Rems-Murr-Kreis,7959,Hellershof - Cronhütte (K 1892),300038313,ZLT25031824,9.690665,48.90954,(UTC+01:00) Europe/Paris DST,2026-09-16T00:00:00+02:00,65,26,na,91,17.5,3.1,0.0
Eco Counter GmbH,Landratsamt Rems-Murr-Kreis,7959,Hellershof - Cronhütte (K 1892),300038313,ZLT25031824,9.690665,48.90954,(UTC+01:00) Europe/Paris DST,2026-09-17T00:00:00+02:00,60,35,na,95,na,na,na
Eco Counter GmbH,Landratsamt Rems-Murr-Kreis,7959,Schmiden - Sommerrain (K1910),300038352,ZLT26023107,9.251395,48.825623,(UTC+01:00) Europe/Paris DST,2026-09-11T00:00:00+02:00,63,96,na,159,16.0,0.0,0.0
Eco Counter GmbH,Landratsamt Rems-Murr-Kreis,7959,Schmiden - Sommerrain (K1910),300038352,ZLT26023107,9.251395,48.825623,(UTC+01:00) Europe/Paris DST,2026-09-12T00:00:00+02:00,87,129,na,216,17.0,0.0,0.0
Eco Counter GmbH,Landratsamt Rems-Murr-Kreis,7959,Schmiden - Sommerrain (K1910),300038352,ZLT26023107,9.251395,48.825623,(UTC+01:00) Europe/Paris DST,2026-09-13T00:00:00+02:00,59,88,na,147,18.5,2.2,0.0
Eco Counter GmbH,Landratsamt Rems-Murr-Kreis,7959,Schmiden - Sommerrain (K1910),300038352,ZLT26023107,9.251395,48.825623,(UTC+01:00) Europe/Paris DST,2026-09-14T00:00:00+02:00,61,105,na,166,18.5,0.3,0.0
Eco Counter GmbH,Landratsamt Rems-Murr-Kreis,7959,Schmiden - Sommerrain (K1910),300038352,ZLT26023107,9.251395,48.825623,(UTC+01:00) Europe/Paris DST,2026-09-15T00:00:00+02:00,96,175,na,271,20.0,0.0,0.0
Eco Counter GmbH,Landratsamt Rems-Murr-Kreis,7959,Schmiden - Sommerrain (K1910),300038352,ZLT26023107,9.251395,48.825623,(UTC+01:00) Europe/Paris DST,2026-09-16T00:00:00+02:00,38,98,na,136,18.0,3.5,0.0
Eco Counter GmbH,Landratsamt Rems-Murr-Kreis,7959,Schmiden - Sommerrain (K1910),300038352,ZLT26023107,9.251395,48.825623,(UTC+01:00) Europe/Paris DST,2026-09-17T00:00:00+02:00,66,141,na,207,na,na,na
Eco Counter GmbH,Landratsamt Rems-Murr-Kreis,7959,Neustadt - Waiblingen (K1909),300038366,ZLT25082342,9.317443,48.84449,(UTC+01:00) Europe/Paris DST,2026-09-11T00:00:00+02:00,36,23,na,59,16.0,0.0,0.0
Eco Counter GmbH,Landratsamt Rems-Murr-Kreis,7959,Neustadt - Waiblingen (K1909),300038366,ZLT25082342,9.317443,48.84449,(UTC+01:00) Europe/Paris DST,2026-09-12T00:00:00+02:00,31,21,na,52,17.0,0.0,0.0
Eco Counter GmbH,Landratsamt Rems-Murr-Kreis,7959,Neustadt - Waiblingen (K1909),300038366,ZLT25082342,9.317443,48.84449,(UTC+01:00) Europe/Paris DST,2026-09-13T00:00:00+02:00,24,12,na,36,18.5,2.2,0.0
Eco Counter GmbH,Landratsamt Rems-Murr-Kreis,7959,Neustadt - Waiblingen (K1909),300038366,ZLT25082342,9.317443,48.84449,(UTC+01:00) Europe/Paris DST,2026-09-14T00:00:00+02:00,29,19,na,48,18.5,0.3,0.0
Eco Counter GmbH,Landratsamt Rems-Murr-Kreis,7959,Neustadt - Waiblingen (K1909),300038366,ZLT25082342,9.317443,48.84449,(UTC+01:00) Europe/Paris DST,2026-09-15T00:00:00+02:00,50,27,na,77,20.0,0.0,0.0
Eco Counter GmbH,Landratsamt Rems-Murr-Kreis,7959,Neustadt - Waiblingen (K1909),300038366,ZLT25082342,9.317443,48.84449,(UTC+01:00) Europe/Paris DST,2026-09-16T00:00:00+02:00,34,25,na,59,18.0,3.5,0.0
Eco Counter GmbH,Landratsamt Rems-Murr-Kreis,7959,Neustadt - Waiblingen (K1909),300038366,ZLT25082342,9.317443,48.84449,(UTC+01:00) Europe/Paris DST,2026-09-17T00:00:00+02:00,37,15,na,52,na,na,na
Eco Counter GmbH,Landratsamt Rems-Murr-Kreis,7959,Beutelsbach - (Aichwald) Aichelberg (K 1864),300038412,ZLT26023111,9.391913,48.7937,(UTC+01:00) Europe/Paris DST,2026-09-11T00:00:00+02:00,25,45,na,70,16.0,0.0,0.0
Eco Counter GmbH,Landratsamt Rems-Murr-Kreis,7959,Beutelsbach - (Aichwald) Aichelberg (K 1864),300038412,ZLT26023111,9.391913,48.7937,(UTC+01:00) Europe/Paris DST,2026-09-12T00:00:00+02:00,25,63,na,88,17.0,0.0,0.0
Eco Counter GmbH,Landratsamt Rems-Murr-Kreis,7959,Beutelsbach - (Aichwald) Aichelberg (K 1864),300038412,ZLT26023111,9.391913,48.7937,(UTC+01:00) Europe/Paris DST,2026-09-13T00:00:00+02:00,21,46,na,67,18.5,2.2,0.0
Eco Counter GmbH,Landratsamt Rems-Murr-Kreis,7959,Beutelsbach - (Aichwald) Aichelberg (K 1864),300038412,ZLT26023111,9.391913,48.7937,(UTC+01:00) Europe/Paris DST,2026-09-14T00:00:00+02:00,16,38,na,54,18.0,0.3,0.0
Eco Counter GmbH,Landratsamt Rems-Murr-Kreis,7959,Beutelsbach - (Aichwald) Aichelberg (K 1864),300038412,ZLT26023111,9.391913,48.7937,(UTC+01:00) Europe/Paris DST,2026-09-15T00:00:00+02:00,29,70,na,99,20.0,0.0,0.0
Eco Counter GmbH,Landratsamt Rems-Murr-Kreis,7959,Beutelsbach - (Aichwald) Aichelberg (K 1864),300038412,ZLT26023111,9.391913,48.7937,(UTC+01:00) Europe/Paris DST,2026-09-16T00:00:00+02:00,7,27,na,34,18.0,3.5,0.0
Eco Counter GmbH,Landratsamt Rems-Murr-Kreis,7959,Beutelsbach - (Aichwald) Aichelberg (K 1864),300038412,ZLT26023111,9.391913,48.7937,(UTC+01:00) Europe/Paris DST,2026-09-17T00:00:00+02:00,22,49,na,71,na,na,na
Eco Counter GmbH,Landratsamt Rems-Murr-Kreis,7959,Grunbach - Buoch (K 1913),300038417,ZLT25123000,9.407580874540146,48.83138677420919,(UTC+01:00) Europe/Paris DST,2026-09-11T00:00:00+02:00,25,7,na,32,16.0,0.0,0.0
Eco Counter GmbH,Landratsamt Rems-Murr-Kreis,7959,Grunbach - Buoch (K 1913),300038417,ZLT25123000,9.407580874540146,48.83138677420919,(UTC+01:00) Europe/Paris DST,2026-09-12T00:00:00+02:00,34,18,na,52,17.0,0.0,0.0
Eco Counter GmbH,Landratsamt Rems-Murr-Kreis,7959,Grunbach - Buoch (K 1913),300038417,ZLT25123000,9.407580874540146,48.83138677420919,(UTC+01:00) Europe/Paris DST,2026-09-13T00:00:00+02:00,25,18,na,43,18.5,2.2,0.0
Eco Counter GmbH,Landratsamt Rems-Murr-Kreis,7959,Grunbach - Buoch (K 1913),300038417,ZLT25123000,9.407580874540146,48.83138677420919,(UTC+01:00) Europe/Paris DST,2026-09-14T00:00:00+02:00,18,4,na,22,18.0,0.3,0.0
Eco Counter GmbH,Landratsamt Rems-Murr-Kreis,7959,Grunbach - Buoch (K 1913),300038417,ZLT25123000,9.407580874540146,48.83138677420919,(UTC+01:00) Europe/Paris DST,2026-09-15T00:00:00+02:00,31,14,na,45,20.0,0.0,0.0
Eco Counter GmbH,Landratsamt Rems-Murr-Kreis,7959,Grunbach - Buoch (K 1913),300038417,ZLT25123000,9.407580874540146,48.83138677420919,(UTC+01:00) Europe/Paris DST,2026-09-16T00:00:00+02:00,11,1,na,12,18.0,3.5,0.0
Eco Counter GmbH,Landratsamt Rems-Murr-Kreis,7959,Grunbach - Buoch (K 1913),300038417,ZLT25123000,9.407580874540146,48.83138677420919,(UTC+01:00) Europe/Paris DST,2026-09-17T00:00:00+02:00,21,8,na,29,na,na,na
Eco Counter GmbH,Stadt Mannheim,4197,B38. Ri. IN,300040059,Y2H24011791,8.497743010375418,49.50321383552518,(UTC+01:00) Europe/Paris DST,2026-09-11T00:00:00+02:00,0,0,na,0,18.5,0.0,0.0
Eco Counter GmbH,Stadt Mannheim,4197,B38. Ri. IN,300040059,Y2H24011791,8.497743010375418,49.50321383552518,(UTC+01:00) Europe/Paris DST,2026-09-12T00:00:00+02:00,0,0,na,0,19.0,0.0,0.0
Eco Counter GmbH,Stadt Mannheim,4197,B38. Ri. IN,300040059,Y2H24011791,8.497743010375418,49.50321383552518,(UTC+01:00) Europe/Paris DST,2026-09-13T00:00:00+02:00,1,0,na,1,19.0,3.4,0.0
Eco Counter GmbH,Stadt Mannheim,4197,B38. Ri. IN,300040059,Y2H24011791,8.497743010375418,49.50321383552518,(UTC+01:00) Europe/Paris DST,2026-09-14T00:00:00+02:00,0,0,na,0,20.0,5.6,0.0
Eco Counter GmbH,Stadt Mannheim,4197,B38. Ri. IN,300040059,Y2H24011791,8.497743010375418,49.50321383552518,(UTC+01:00) Europe/Paris DST,2026-09-15T00:00:00+02:00,0,1,na,1,22.5,0.0,0.0
Eco Counter GmbH,Stadt Mannheim,4197,B38. Ri. IN,300040059,Y2H24011791,8.497743010375418,49.50321383552518,(UTC+01:00) Europe/Paris DST,2026-09-16T00:00:00+02:00,1,0,na,1,19.5,2.0,0.0
Eco Counter GmbH,Stadt Mannheim,4197,B38. Ri. IN,300040059,Y2H24011791,8.497743010375418,49.50321383552518,(UTC+01:00) Europe/Paris DST,2026-09-17T00:00:00+02:00,0,0,na,0,na,na,na
Eco Counter GmbH,Stadt Ludwigsburg,6011,Otto-Konz-Weg,300040250,ZLT25062202,9.221209287643434,48.907333065776264,(UTC+01:00) Europe/Paris DST,2026-09-11T00:00:00+02:00,696,478,na,1174,16.0,0.0,0.0
Eco Counter GmbH,Stadt Ludwigsburg,6011,Otto-Konz-Weg,300040250,ZLT25062202,9.221209287643434,48.907333065776264,(UTC+01:00) Europe/Paris DST,2026-09-12T00:00:00+02:00,1088,798,na,1886,17.5,0.0,0.0
Eco Counter GmbH,Stadt Ludwigsburg,6011,Otto-Konz-Weg,300040250,ZLT25062202,9.221209287643434,48.907333065776264,(UTC+01:00) Europe/Paris DST,2026-09-13T00:00:00+02:00,851,509,na,1360,19.0,3.3,0.0
Eco Counter GmbH,Stadt Ludwigsburg,6011,Otto-Konz-Weg,300040250,ZLT25062202,9.221209287643434,48.907333065776264,(UTC+01:00) Europe/Paris DST,2026-09-14T00:00:00+02:00,484,375,na,859,18.0,0.0,0.0
Eco Counter GmbH,Stadt Ludwigsburg,6011,Otto-Konz-Weg,300040250,ZLT25062202,9.221209287643434,48.907333065776264,(UTC+01:00) Europe/Paris DST,2026-09-15T00:00:00+02:00,1234,807,na,2041,20.5,0.0,0.0
Eco Counter GmbH,Stadt Ludwigsburg,6011,Otto-Konz-Weg,300040250,ZLT25062202,9.221209287643434,48.907333065776264,(UTC+01:00) Europe/Paris DST,2026-09-16T00:00:00+02:00,892,170,na,1062,18.5,2.8,0.0
Eco Counter GmbH,Stadt Ludwigsburg,6011,Otto-Konz-Weg,300040250,ZLT25062202,9.221209287643434,48.907333065776264,(UTC+01:00) Europe/Paris DST,2026-09-17T00:00:00+02:00,1118,444,na,1562,na,na,na
Eco Counter GmbH,Stadt Tübingen,667,Radbrücke Ost,300041398,Y2H23046192,9.06905,48.51824,(UTC+01:00) Europe/Paris DST,2026-09-11T00:00:00+02:00,588,443,na,1031,15.5,0.0,0.0
Eco Counter GmbH,Stadt Tübingen,667,Radbrücke Ost,300041398,Y2H23046192,9.06905,48.51824,(UTC+01:00) Europe/Paris DST,2026-09-12T00:00:00+02:00,546,443,na,989,16.5,0.0,0.0
Eco Counter GmbH,Stadt Tübingen,667,Radbrücke Ost,300041398,Y2H23046192,9.06905,48.51824,(UTC+01:00) Europe/Paris DST,2026-09-13T00:00:00+02:00,361,360,na,721,18.0,5.5,0.0
Eco Counter GmbH,Stadt Tübingen,667,Radbrücke Ost,300041398,Y2H23046192,9.06905,48.51824,(UTC+01:00) Europe/Paris DST,2026-09-14T00:00:00+02:00,738,534,na,1272,18.0,0.1,0.0
Eco Counter GmbH,Stadt Tübingen,667,Radbrücke Ost,300041398,Y2H23046192,9.06905,48.51824,(UTC+01:00) Europe/Paris DST,2026-09-15T00:00:00+02:00,848,590,na,1438,19.0,0.0,0.0
Eco Counter GmbH,Stadt Tübingen,667,Radbrücke Ost,300041398,Y2H23046192,9.06905,48.51824,(UTC+01:00) Europe/Paris DST,2026-09-16T00:00:00+02:00,657,475,na,1132,17.0,1.9,0.0
Eco Counter GmbH,Stadt Tübingen,667,Radbrücke Ost,300041398,Y2H23046192,9.06905,48.51824,(UTC+01:00) Europe/Paris DST,2026-09-17T00:00:00+02:00,789,581,na,1370,na,na,na
Eco Counter GmbH,Stadt Freiburg,751,H.-v.-Stephan-Str. 9 / JobRad,300042289,,7.836176,47.988126,(UTC+01:00) Europe/Paris DST,2026-09-11T00:00:00+02:00,na,na,3494,3494,16.0,0.0,0.0
Eco Counter GmbH,Stadt Freiburg,751,H.-v.-Stephan-Str. 9 / JobRad,300042289,,7.836176,47.988126,(UTC+01:00) Europe/Paris DST,2026-09-12T00:00:00+02:00,na,na,2508,2508,17.5,0.0,0.0
Eco Counter GmbH,Stadt Freiburg,751,H.-v.-Stephan-Str. 9 / JobRad,300042289,,7.836176,47.988126,(UTC+01:00) Europe/Paris DST,2026-09-13T00:00:00+02:00,na,na,1758,1758,19.5,1.5,0.0
Eco Counter GmbH,Stadt Freiburg,751,H.-v.-Stephan-Str. 9 / JobRad,300042289,,7.836176,47.988126,(UTC+01:00) Europe/Paris DST,2026-09-14T00:00:00+02:00,na,na,4340,4340,20.0,0.0,0.0
Eco Counter GmbH,Stadt Freiburg,751,H.-v.-Stephan-Str. 9 / JobRad,300042289,,7.836176,47.988126,(UTC+01:00) Europe/Paris DST,2026-09-15T00:00:00+02:00,na,na,4590,4590,22.0,0.0,0.0
Eco Counter GmbH,Stadt Freiburg,751,H.-v.-Stephan-Str. 9 / JobRad,300042289,,7.836176,47.988126,(UTC+01:00) Europe/Paris DST,2026-09-16T00:00:00+02:00,na,na,3814,3814,18.0,3.4,0.0
Eco Counter GmbH,Stadt Freiburg,751,H.-v.-Stephan-Str. 9 / JobRad,300042289,,7.836176,47.988126,(UTC+01:00) Europe/Paris DST,2026-09-17T00:00:00+02:00,na,na,4428,4428,na,na,na
Eco Counter GmbH,Stadt Freiburg,751,FR2 Güterbahn Nord / Uniklinik,300042684,,7.835136,48.007889,(UTC+01:00) Europe/Paris DST,2026-09-11T00:00:00+02:00,na,na,3914,3914,16.0,0.0,0.0
Eco Counter GmbH,Stadt Freiburg,751,FR2 Güterbahn Nord / Uniklinik,300042684,,7.835136,48.007889,(UTC+01:00) Europe/Paris DST,2026-09-12T00:00:00+02:00,na,na,3362,3362,17.5,0.0,0.0
Eco Counter GmbH,Stadt Freiburg,751,FR2 Güterbahn Nord / Uniklinik,300042684,,7.835136,48.007889,(UTC+01:00) Europe/Paris DST,2026-09-13T00:00:00+02:00,na,na,1764,1764,19.5,1.5,0.0
Eco Counter GmbH,Stadt Freiburg,751,FR2 Güterbahn Nord / Uniklinik,300042684,,7.835136,48.007889,(UTC+01:00) Europe/Paris DST,2026-09-14T00:00:00+02:00,na,na,4838,4838,20.0,0.0,0.0
Eco Counter GmbH,Stadt Freiburg,751,FR2 Güterbahn Nord / Uniklinik,300042684,,7.835136,48.007889,(UTC+01:00) Europe/Paris DST,2026-09-15T00:00:00+02:00,na,na,5264,5264,22.0,0.0,0.0
Eco Counter GmbH,Stadt Freiburg,751,FR2 Güterbahn Nord / Uniklinik,300042684,,7.835136,48.007889,(UTC+01:00) Europe/Paris DST,2026-09-16T00:00:00+02:00,na,na,4103,4103,18.0,3.4,0.0
Eco Counter GmbH,Stadt Freiburg,751,FR2 Güterbahn Nord / Uniklinik,300042684,,7.835136,48.007889,(UTC+01:00) Europe/Paris DST,2026-09-17T00:00:00+02:00,na,na,4854,4854,na,na,na
Eco Counter GmbH,Stadt Freiburg,751,FR8 Schützenallee / Stadthalle,300042686,,7.87144,47.986279,(UTC+01:00) Europe/Paris DST,2026-09-11T00:00:00+02:00,na,na,4299,4299,16.0,0.0,0.0
Eco Counter GmbH,Stadt Freiburg,751,FR8 Schützenallee / Stadthalle,300042686,,7.87144,47.986279,(UTC+01:00) Europe/Paris DST,2026-09-12T00:00:00+02:00,na,na,3726,3726,17.5,0.0,0.0
Eco Counter GmbH,Stadt Freiburg,751,FR8 Schützenallee / Stadthalle,300042686,,7.87144,47.986279,(UTC+01:00) Europe/Paris DST,2026-09-13T00:00:00+02:00,na,na,3098,3098,19.5,1.5,0.0
Eco Counter GmbH,Stadt Freiburg,751,FR8 Schützenallee / Stadthalle,300042686,,7.87144,47.986279,(UTC+01:00) Europe/Paris DST,2026-09-14T00:00:00+02:00,na,na,4785,4785,20.0,0.0,0.0
Eco Counter GmbH,Stadt Freiburg,751,FR8 Schützenallee / Stadthalle,300042686,,7.87144,47.986279,(UTC+01:00) Europe/Paris DST,2026-09-15T00:00:00+02:00,na,na,5397,5397,22.0,0.0,0.0
Eco Counter GmbH,Stadt Freiburg,751,FR8 Schützenallee / Stadthalle,300042686,,7.87144,47.986279,(UTC+01:00) Europe/Paris DST,2026-09-16T00:00:00+02:00,na,na,3992,3992,18.0,3.4,0.0
Eco Counter GmbH,Stadt Freiburg,751,FR8 Schützenallee / Stadthalle,300042686,,7.87144,47.986279,(UTC+01:00) Europe/Paris DST,2026-09-17T00:00:00+02:00,na,na,4914,4914,na,na,na
Eco Counter GmbH,Stadt Freiburg,751,Rempartstraße / Mensa,300042689,,7.846815,47.992873,(UTC+01:00) Europe/Paris DST,2026-09-11T00:00:00+02:00,na,na,6888,6888,16.0,0.0,0.0
Eco Counter GmbH,Stadt Freiburg,751,Rempartstraße / Mensa,300042689,,7.846815,47.992873,(UTC+01:00) Europe/Paris DST,2026-09-12T00:00:00+02:00,na,na,6524,6524,17.5,0.0,0.0
Eco Counter GmbH,Stadt Freiburg,751,Rempartstraße / Mensa,300042689,,7.846815,47.992873,(UTC+01:00) Europe/Paris DST,2026-09-13T00:00:00+02:00,na,na,3738,3738,19.5,1.5,0.0
Eco Counter GmbH,Stadt Freiburg,751,Rempartstraße / Mensa,300042689,,7.846815,47.992873,(UTC+01:00) Europe/Paris DST,2026-09-14T00:00:00+02:00,na,na,8082,8082,20.0,0.0,0.0
Eco Counter GmbH,Stadt Freiburg,751,Rempartstraße / Mensa,300042689,,7.846815,47.992873,(UTC+01:00) Europe/Paris DST,2026-09-15T00:00:00+02:00,na,na,8701,8701,22.0,0.0,0.0
Eco Counter GmbH,Stadt Freiburg,751,Rempartstraße / Mensa,300042689,,7.846815,47.992873,(UTC+01:00) Europe/Paris DST,2026-09-16T00:00:00+02:00,na,na,6505,6505,18.0,3.4,0.0
Eco Counter GmbH,Stadt Freiburg,751,Rempartstraße / Mensa,300042689,,7.846815,47.992873,(UTC+01:00) Europe/Paris DST,2026-09-17T00:00:00+02:00,na,na,8281,8281,na,na,na
Eco Counter GmbH,Landratsamt Heilbronn,9931,RK 3 - Leingarten - Sportplatz Schluchtern,300043051,Y2H23070913,9.090671,49.143731,(UTC+01:00) Europe/Paris DST,2026-09-11T00:00:00+02:00,203,223,na,426,16.0,0.0,0.0
Eco Counter GmbH,Landratsamt Heilbronn,9931,RK 3 - Leingarten - Sportplatz Schluchtern,300043051,Y2H23070913,9.090671,49.143731,(UTC+01:00) Europe/Paris DST,2026-09-12T00:00:00+02:00,218,228,na,446,18.0,0.0,0.0
Eco Counter GmbH,Landratsamt Heilbronn,9931,RK 3 - Leingarten - Sportplatz Schluchtern,300043051,Y2H23070913,9.090671,49.143731,(UTC+01:00) Europe/Paris DST,2026-09-13T00:00:00+02:00,160,175,na,335,18.5,4.4,0.0
Eco Counter GmbH,Landratsamt Heilbronn,9931,RK 3 - Leingarten - Sportplatz Schluchtern,300043051,Y2H23070913,9.090671,49.143731,(UTC+01:00) Europe/Paris DST,2026-09-14T00:00:00+02:00,190,162,na,352,18.5,0.2,0.0
Eco Counter GmbH,Landratsamt Heilbronn,9931,RK 3 - Leingarten - Sportplatz Schluchtern,300043051,Y2H23070913,9.090671,49.143731,(UTC+01:00) Europe/Paris DST,2026-09-15T00:00:00+02:00,310,319,na,629,20.5,0.0,0.0
Eco Counter GmbH,Landratsamt Heilbronn,9931,RK 3 - Leingarten - Sportplatz Schluchtern,300043051,Y2H23070913,9.090671,49.143731,(UTC+01:00) Europe/Paris DST,2026-09-16T00:00:00+02:00,174,168,na,342,18.0,2.9,0.0
Eco Counter GmbH,Landratsamt Heilbronn,9931,RK 3 - Leingarten - Sportplatz Schluchtern,300043051,Y2H23070913,9.090671,49.143731,(UTC+01:00) Europe/Paris DST,2026-09-17T00:00:00+02:00,239,234,na,473,na,na,na
Eco Counter GmbH,Landratsamt Ostalbkreis,9187,OAK-01: Oberkochen,300043261,ZLT24050798,10.123725682497026,48.79300157848723,(UTC+01:00) Europe/Paris DST,2026-09-11T00:00:00+02:00,275,242,na,517,14.5,0.0,0.0
Eco Counter GmbH,Landratsamt Ostalbkreis,9187,OAK-01: Oberkochen,300043261,ZLT24050798,10.123725682497026,48.79300157848723,(UTC+01:00) Europe/Paris DST,2026-09-12T00:00:00+02:00,273,247,na,520,16.0,0.0,0.0
Eco Counter GmbH,Landratsamt Ostalbkreis,9187,OAK-01: Oberkochen,300043261,ZLT24050798,10.123725682497026,48.79300157848723,(UTC+01:00) Europe/Paris DST,2026-09-13T00:00:00+02:00,175,142,na,317,16.5,2.5,0.0
Eco Counter GmbH,Landratsamt Ostalbkreis,9187,OAK-01: Oberkochen,300043261,ZLT24050798,10.123725682497026,48.79300157848723,(UTC+01:00) Europe/Paris DST,2026-09-14T00:00:00+02:00,339,336,na,675,16.0,1.2,0.0
Eco Counter GmbH,Landratsamt Ostalbkreis,9187,OAK-01: Oberkochen,300043261,ZLT24050798,10.123725682497026,48.79300157848723,(UTC+01:00) Europe/Paris DST,2026-09-15T00:00:00+02:00,549,504,na,1053,18.5,0.0,0.0
Eco Counter GmbH,Landratsamt Ostalbkreis,9187,OAK-01: Oberkochen,300043261,ZLT24050798,10.123725682497026,48.79300157848723,(UTC+01:00) Europe/Paris DST,2026-09-16T00:00:00+02:00,318,310,na,628,17.0,0.8,0.0
Eco Counter GmbH,Landratsamt Ostalbkreis,9187,OAK-01: Oberkochen,300043261,ZLT24050798,10.123725682497026,48.79300157848723,(UTC+01:00) Europe/Paris DST,2026-09-17T00:00:00+02:00,410,381,na,791,na,na,na
Eco Counter GmbH,Landratsamt Ostalbkreis,9187,OAK-05: Bopfingen,300043269,ZLT24050797,10.384351909160616,48.843575570288394,(UTC+01:00) Europe/Paris DST,2026-09-11T00:00:00+02:00,76,96,na,172,14.5,0.0,0.0
Eco Counter GmbH,Landratsamt Ostalbkreis,9187,OAK-05: Bopfingen,300043269,ZLT24050797,10.384351909160616,48.843575570288394,(UTC+01:00) Europe/Paris DST,2026-09-12T00:00:00+02:00,121,110,na,231,16.0,0.0,0.0
Eco Counter GmbH,Landratsamt Ostalbkreis,9187,OAK-05: Bopfingen,300043269,ZLT24050797,10.384351909160616,48.843575570288394,(UTC+01:00) Europe/Paris DST,2026-09-13T00:00:00+02:00,83,68,na,151,16.5,2.5,0.0
Eco Counter GmbH,Landratsamt Ostalbkreis,9187,OAK-05: Bopfingen,300043269,ZLT24050797,10.384351909160616,48.843575570288394,(UTC+01:00) Europe/Paris DST,2026-09-14T00:00:00+02:00,64,76,na,140,16.0,1.2,0.0
Eco Counter GmbH,Landratsamt Ostalbkreis,9187,OAK-05: Bopfingen,300043269,ZLT24050797,10.384351909160616,48.843575570288394,(UTC+01:00) Europe/Paris DST,2026-09-15T00:00:00+02:00,112,119,na,231,18.5,0.0,0.0
Eco Counter GmbH,Landratsamt Ostalbkreis,9187,OAK-05: Bopfingen,300043269,ZLT24050797,10.384351909160616,48.843575570288394,(UTC+01:00) Europe/Paris DST,2026-09-16T00:00:00+02:00,45,56,na,101,17.0,0.8,0.0
Eco Counter GmbH,Landratsamt Ostalbkreis,9187,OAK-05: Bopfingen,300043269,ZLT24050797,10.384351909160616,48.843575570288394,(UTC+01:00) Europe/Paris DST,2026-09-17T00:00:00+02:00,106,100,na,206,na,na,na
Eco Counter GmbH,Landratsamt Ostalbkreis,9187,OAK-02: Ellwangen-Schrezheim,300043273,ZLT24050800,10.117155,48.954403,(UTC+01:00) Europe/Paris DST,2026-09-11T00:00:00+02:00,472,454,na,926,14.5,0.0,0.0
Eco Counter GmbH,Landratsamt Ostalbkreis,9187,OAK-02: Ellwangen-Schrezheim,300043273,ZLT24050800,10.117155,48.954403,(UTC+01:00) Europe/Paris DST,2026-09-12T00:00:00+02:00,550,523,na,1073,16.0,0.0,0.0
Eco Counter GmbH,Landratsamt Ostalbkreis,9187,OAK-02: Ellwangen-Schrezheim,300043273,ZLT24050800,10.117155,48.954403,(UTC+01:00) Europe/Paris DST,2026-09-13T00:00:00+02:00,341,294,na,635,17.0,2.5,0.0
Eco Counter GmbH,Landratsamt Ostalbkreis,9187,OAK-02: Ellwangen-Schrezheim,300043273,ZLT24050800,10.117155,48.954403,(UTC+01:00) Europe/Paris DST,2026-09-14T00:00:00+02:00,298,302,na,600,16.0,1.2,0.0
Eco Counter GmbH,Landratsamt Ostalbkreis,9187,OAK-02: Ellwangen-Schrezheim,300043273,ZLT24050800,10.117155,48.954403,(UTC+01:00) Europe/Paris DST,2026-09-15T00:00:00+02:00,531,487,na,1018,18.5,0.0,0.0
Eco Counter GmbH,Landratsamt Ostalbkreis,9187,OAK-02: Ellwangen-Schrezheim,300043273,ZLT24050800,10.117155,48.954403,(UTC+01:00) Europe/Paris DST,2026-09-16T00:00:00+02:00,202,197,na,399,16.5,0.8,0.0
Eco Counter GmbH,Landratsamt Ostalbkreis,9187,OAK-02: Ellwangen-Schrezheim,300043273,ZLT24050800,10.117155,48.954403,(UTC+01:00) Europe/Paris DST,2026-09-17T00:00:00+02:00,436,435,na,871,na,na,na
Eco Counter GmbH,Landratsamt Ostalbkreis,9187,OAK-03: Bucher Stausee,300043279,MLT24050327,10.159574,48.907455,(UTC+01:00) Europe/Paris DST,2026-09-11T00:00:00+02:00,248,206,na,454,14.5,0.0,0.0
Eco Counter GmbH,Landratsamt Ostalbkreis,9187,OAK-03: Bucher Stausee,300043279,MLT24050327,10.159574,48.907455,(UTC+01:00) Europe/Paris DST,2026-09-12T00:00:00+02:00,346,265,na,611,16.0,0.0,0.0
Eco Counter GmbH,Landratsamt Ostalbkreis,9187,OAK-03: Bucher Stausee,300043279,MLT24050327,10.159574,48.907455,(UTC+01:00) Europe/Paris DST,2026-09-13T00:00:00+02:00,216,169,na,385,17.0,2.5,0.0
Eco Counter GmbH,Landratsamt Ostalbkreis,9187,OAK-03: Bucher Stausee,300043279,MLT24050327,10.159574,48.907455,(UTC+01:00) Europe/Paris DST,2026-09-14T00:00:00+02:00,213,141,na,354,16.0,1.2,0.0
Eco Counter GmbH,Landratsamt Ostalbkreis,9187,OAK-03: Bucher Stausee,300043279,MLT24050327,10.159574,48.907455,(UTC+01:00) Europe/Paris DST,2026-09-15T00:00:00+02:00,419,292,na,711,18.5,0.0,0.0
Eco Counter GmbH,Landratsamt Ostalbkreis,9187,OAK-03: Bucher Stausee,300043279,MLT24050327,10.159574,48.907455,(UTC+01:00) Europe/Paris DST,2026-09-16T00:00:00+02:00,113,73,na,186,16.5,0.8,0.0
Eco Counter GmbH,Landratsamt Ostalbkreis,9187,OAK-03: Bucher Stausee,300043279,MLT24050327,10.159574,48.907455,(UTC+01:00) Europe/Paris DST,2026-09-17T00:00:00+02:00,297,225,na,522,na,na,na
Eco Counter GmbH,Stadt Konstanz,6456,Beethovenstraße,300047091,Y2H26033812,9.1945,47.67087,(UTC+01:00) Europe/Paris DST,2026-09-11T00:00:00+02:00,593,849,na,1442,14.0,0.0,0.0
Eco Counter GmbH,Stadt Konstanz,6456,Beethovenstraße,300047091,Y2H26033812,9.1945,47.67087,(UTC+01:00) Europe/Paris DST,2026-09-12T00:00:00+02:00,605,844,na,1449,15.5,0.0,0.0
Eco Counter GmbH,Stadt Konstanz,6456,Beethovenstraße,300047091,Y2H26033812,9.1945,47.67087,(UTC+01:00) Europe/Paris DST,2026-09-13T00:00:00+02:00,463,626,na,1089,17.5,3.0,0.0
Eco Counter GmbH,Stadt Konstanz,6456,Beethovenstraße,300047091,Y2H26033812,9.1945,47.67087,(UTC+01:00) Europe/Paris DST,2026-09-14T00:00:00+02:00,725,966,na,1691,17.5,11.2,0.0
Eco Counter GmbH,Stadt Konstanz,6456,Beethovenstraße,300047091,Y2H26033812,9.1945,47.67087,(UTC+01:00) Europe/Paris DST,2026-09-15T00:00:00+02:00,771,1139,na,1910,18.5,0.0,0.0
Eco Counter GmbH,Stadt Konstanz,6456,Beethovenstraße,300047091,Y2H26033812,9.1945,47.67087,(UTC+01:00) Europe/Paris DST,2026-09-16T00:00:00+02:00,517,689,na,1206,17.5,7.0,0.0
Eco Counter GmbH,Stadt Konstanz,6456,Beethovenstraße,300047091,Y2H26033812,9.1945,47.67087,(UTC+01:00) Europe/Paris DST,2026-09-17T00:00:00+02:00,695,991,na,1686,na,na,na
Eco Counter GmbH,Stadt Emmendingen,9375,Neubronnstraße,300047174,COM24090261,7.864787,48.112831,(UTC+01:00) Europe/Paris DST,2026-09-11T00:00:00+02:00,735,499,na,1234,na,na,na
Eco Counter GmbH,Stadt Emmendingen,9375,Neubronnstraße,300047174,COM24090261,7.864787,48.112831,(UTC+01:00) Europe/Paris DST,2026-09-12T00:00:00+02:00,579,391,na,970,na,na,na
Eco Counter GmbH,Stadt Emmendingen,9375,Neubronnstraße,300047174,COM24090261,7.864787,48.112831,(UTC+01:00) Europe/Paris DST,2026-09-13T00:00:00+02:00,408,259,na,667,na,na,na
Eco Counter GmbH,Stadt Emmendingen,9375,Neubronnstraße,300047174,COM24090261,7.864787,48.112831,(UTC+01:00) Europe/Paris DST,2026-09-14T00:00:00+02:00,1089,809,na,1898,na,na,na
Eco Counter GmbH,Stadt Emmendingen,9375,Neubronnstraße,300047174,COM24090261,7.864787,48.112831,(UTC+01:00) Europe/Paris DST,2026-09-15T00:00:00+02:00,1132,890,na,2022,na,na,na
Eco Counter GmbH,Stadt Emmendingen,9375,Neubronnstraße,300047174,COM24090261,7.864787,48.112831,(UTC+01:00) Europe/Paris DST,2026-09-16T00:00:00+02:00,820,667,na,1487,na,na,na
Eco Counter GmbH,Stadt Emmendingen,9375,Neubronnstraße,300047174,COM24090261,7.864787,48.112831,(UTC+01:00) Europe/Paris DST,2026-09-17T00:00:00+02:00,1139,855,na,1994,na,na,na
Eco Counter GmbH,Landratsamt Rems-Murr-Kreis,7959,"Rommelshauser Straße, Rommelshausen Endersbach (L1198)",300047874,ZLT24111465,9.3359772,48.8082522,(UTC+01:00) Europe/Paris DST,2026-09-11T00:00:00+02:00,144,125,na,269,16.0,0.0,0.0
Eco Counter GmbH,Landratsamt Rems-Murr-Kreis,7959,"Rommelshauser Straße, Rommelshausen Endersbach (L1198)",300047874,ZLT24111465,9.3359772,48.8082522,(UTC+01:00) Europe/Paris DST,2026-09-12T00:00:00+02:00,128,116,na,244,17.0,0.0,0.0
Eco Counter GmbH,Landratsamt Rems-Murr-Kreis,7959,"Rommelshauser Straße, Rommelshausen Endersbach (L1198)",300047874,ZLT24111465,9.3359772,48.8082522,(UTC+01:00) Europe/Paris DST,2026-09-13T00:00:00+02:00,128,95,na,223,18.5,2.2,0.0
Eco Counter GmbH,Landratsamt Rems-Murr-Kreis,7959,"Rommelshauser Straße, Rommelshausen Endersbach (L1198)",300047874,ZLT24111465,9.3359772,48.8082522,(UTC+01:00) Europe/Paris DST,2026-09-14T00:00:00+02:00,152,125,na,277,18.5,0.3,0.0
Eco Counter GmbH,Landratsamt Rems-Murr-Kreis,7959,"Rommelshauser Straße, Rommelshausen Endersbach (L1198)",300047874,ZLT24111465,9.3359772,48.8082522,(UTC+01:00) Europe/Paris DST,2026-09-15T00:00:00+02:00,207,168,na,375,20.0,0.0,0.0
Eco Counter GmbH,Landratsamt Rems-Murr-Kreis,7959,"Rommelshauser Straße, Rommelshausen Endersbach (L1198)",300047874,ZLT24111465,9.3359772,48.8082522,(UTC+01:00) Europe/Paris DST,2026-09-16T00:00:00+02:00,172,112,na,284,18.0,3.5,0.0
Eco Counter GmbH,Landratsamt Rems-Murr-Kreis,7959,"Rommelshauser Straße, Rommelshausen Endersbach (L1198)",300047874,ZLT24111465,9.3359772,48.8082522,(UTC+01:00) Europe/Paris DST,2026-09-17T00:00:00+02:00,153,148,na,301,na,na,na
Eco Counter GmbH,Landratsamt Rems-Murr-Kreis,7959,"Schmidener Straße, Waiblingen (K1910)",300047876,ZLT24111462,9.2989198,48.8363038,(UTC+01:00) Europe/Paris DST,2026-09-11T00:00:00+02:00,126,138,na,264,16.0,0.0,0.0
Eco Counter GmbH,Landratsamt Rems-Murr-Kreis,7959,"Schmidener Straße, Waiblingen (K1910)",300047876,ZLT24111462,9.2989198,48.8363038,(UTC+01:00) Europe/Paris DST,2026-09-12T00:00:00+02:00,93,85,na,178,17.0,0.0,0.0
Eco Counter GmbH,Landratsamt Rems-Murr-Kreis,7959,"Schmidener Straße, Waiblingen (K1910)",300047876,ZLT24111462,9.2989198,48.8363038,(UTC+01:00) Europe/Paris DST,2026-09-13T00:00:00+02:00,79,59,na,138,18.5,2.2,0.0
Eco Counter GmbH,Landratsamt Rems-Murr-Kreis,7959,"Schmidener Straße, Waiblingen (K1910)",300047876,ZLT24111462,9.2989198,48.8363038,(UTC+01:00) Europe/Paris DST,2026-09-14T00:00:00+02:00,172,177,na,349,18.5,0.3,0.0
Eco Counter GmbH,Landratsamt Rems-Murr-Kreis,7959,"Schmidener Straße, Waiblingen (K1910)",300047876,ZLT24111462,9.2989198,48.8363038,(UTC+01:00) Europe/Paris DST,2026-09-15T00:00:00+02:00,223,232,na,455,20.0,0.0,0.0
Eco Counter GmbH,Landratsamt Rems-Murr-Kreis,7959,"Schmidener Straße, Waiblingen (K1910)",300047876,ZLT24111462,9.2989198,48.8363038,(UTC+01:00) Europe/Paris DST,2026-09-16T00:00:00+02:00,213,153,na,366,18.0,3.5,0.0
Eco Counter GmbH,Landratsamt Rems-Murr-Kreis,7959,"Schmidener Straße, Waiblingen (K1910)",300047876,ZLT24111462,9.2989198,48.8363038,(UTC+01:00) Europe/Paris DST,2026-09-17T00:00:00+02:00,161,172,na,333,na,na,na
Eco Counter GmbH,Landratsamt Rems-Murr-Kreis,7959,Weilerstraße Schwaikheim (K1850),300047882,ZLT25122999,9.3597709,48.8878663,(UTC+01:00) Europe/Paris DST,2026-09-11T00:00:00+02:00,22,47,na,69,16.0,0.0,0.0
Eco Counter GmbH,Landratsamt Rems-Murr-Kreis,7959,Weilerstraße Schwaikheim (K1850),300047882,ZLT25122999,9.3597709,48.8878663,(UTC+01:00) Europe/Paris DST,2026-09-12T00:00:00+02:00,36,46,na,82,17.0,0.0,0.0
Eco Counter GmbH,Landratsamt Rems-Murr-Kreis,7959,Weilerstraße Schwaikheim (K1850),300047882,ZLT25122999,9.3597709,48.8878663,(UTC+01:00) Europe/Paris DST,2026-09-13T00:00:00+02:00,32,32,na,64,18.5,2.2,0.0
Eco Counter GmbH,Landratsamt Rems-Murr-Kreis,7959,Weilerstraße Schwaikheim (K1850),300047882,ZLT25122999,9.3597709,48.8878663,(UTC+01:00) Europe/Paris DST,2026-09-14T00:00:00+02:00,23,22,na,45,18.5,0.3,0.0
Eco Counter GmbH,Landratsamt Rems-Murr-Kreis,7959,Weilerstraße Schwaikheim (K1850),300047882,ZLT25122999,9.3597709,48.8878663,(UTC+01:00) Europe/Paris DST,2026-09-15T00:00:00+02:00,50,55,na,105,20.0,0.0,0.0
Eco Counter GmbH,Landratsamt Rems-Murr-Kreis,7959,Weilerstraße Schwaikheim (K1850),300047882,ZLT25122999,9.3597709,48.8878663,(UTC+01:00) Europe/Paris DST,2026-09-16T00:00:00+02:00,22,20,na,42,18.0,3.5,0.0
Eco Counter GmbH,Landratsamt Rems-Murr-Kreis,7959,Weilerstraße Schwaikheim (K1850),300047882,ZLT25122999,9.3597709,48.8878663,(UTC+01:00) Europe/Paris DST,2026-09-17T00:00:00+02:00,33,39,na,72,na,na,na
Eco Counter GmbH,Landratsamt Rems-Murr-Kreis,7959,"Rudersberger Straße, Heutensbach (K1841)",300047904,ZLT24111464,9.4806127,48.9025417,(UTC+01:00) Europe/Paris DST,2026-09-11T00:00:00+02:00,7,16,na,23,15.0,0.0,0.0
Eco Counter GmbH,Landratsamt Rems-Murr-Kreis,7959,"Rudersberger Straße, Heutensbach (K1841)",300047904,ZLT24111464,9.4806127,48.9025417,(UTC+01:00) Europe/Paris DST,2026-09-12T00:00:00+02:00,19,10,na,29,16.5,0.0,0.0
Eco Counter GmbH,Landratsamt Rems-Murr-Kreis,7959,"Rudersberger Straße, Heutensbach (K1841)",300047904,ZLT24111464,9.4806127,48.9025417,(UTC+01:00) Europe/Paris DST,2026-09-13T00:00:00+02:00,7,9,na,16,17.5,8.1,0.0
Eco Counter GmbH,Landratsamt Rems-Murr-Kreis,7959,"Rudersberger Straße, Heutensbach (K1841)",300047904,ZLT24111464,9.4806127,48.9025417,(UTC+01:00) Europe/Paris DST,2026-09-14T00:00:00+02:00,7,11,na,18,18.0,0.5,0.0
Eco Counter GmbH,Landratsamt Rems-Murr-Kreis,7959,"Rudersberger Straße, Heutensbach (K1841)",300047904,ZLT24111464,9.4806127,48.9025417,(UTC+01:00) Europe/Paris DST,2026-09-15T00:00:00+02:00,6,10,na,16,19.5,0.0,0.0
Eco Counter GmbH,Landratsamt Rems-Murr-Kreis,7959,"Rudersberger Straße, Heutensbach (K1841)",300047904,ZLT24111464,9.4806127,48.9025417,(UTC+01:00) Europe/Paris DST,2026-09-16T00:00:00+02:00,3,1,na,4,17.5,3.1,0.0
Eco Counter GmbH,Landratsamt Rems-Murr-Kreis,7959,"Rudersberger Straße, Heutensbach (K1841)",300047904,ZLT24111464,9.4806127,48.9025417,(UTC+01:00) Europe/Paris DST,2026-09-17T00:00:00+02:00,8,20,na,28,na,na,na
Eco Counter GmbH,Landratsamt Rems-Murr-Kreis,7959,"Märchenstraße, Bartenbach (L1066)",300047907,ZLT24111463,9.5388609,48.994247,(UTC+01:00) Europe/Paris DST,2026-09-11T00:00:00+02:00,170,176,na,346,15.0,0.0,0.0
Eco Counter GmbH,Landratsamt Rems-Murr-Kreis,7959,"Märchenstraße, Bartenbach (L1066)",300047907,ZLT24111463,9.5388609,48.994247,(UTC+01:00) Europe/Paris DST,2026-09-12T00:00:00+02:00,226,239,na,465,16.5,0.0,0.0
Eco Counter GmbH,Landratsamt Rems-Murr-Kreis,7959,"Märchenstraße, Bartenbach (L1066)",300047907,ZLT24111463,9.5388609,48.994247,(UTC+01:00) Europe/Paris DST,2026-09-13T00:00:00+02:00,223,205,na,428,17.5,8.1,0.0
Eco Counter GmbH,Landratsamt Rems-Murr-Kreis,7959,"Märchenstraße, Bartenbach (L1066)",300047907,ZLT24111463,9.5388609,48.994247,(UTC+01:00) Europe/Paris DST,2026-09-14T00:00:00+02:00,170,176,na,346,17.5,0.5,0.0
Eco Counter GmbH,Landratsamt Rems-Murr-Kreis,7959,"Märchenstraße, Bartenbach (L1066)",300047907,ZLT24111463,9.5388609,48.994247,(UTC+01:00) Europe/Paris DST,2026-09-15T00:00:00+02:00,267,284,na,551,19.5,0.0,0.0
Eco Counter GmbH,Landratsamt Rems-Murr-Kreis,7959,"Märchenstraße, Bartenbach (L1066)",300047907,ZLT24111463,9.5388609,48.994247,(UTC+01:00) Europe/Paris DST,2026-09-16T00:00:00+02:00,95,78,na,173,17.5,3.1,0.0
Eco Counter GmbH,Landratsamt Rems-Murr-Kreis,7959,"Märchenstraße, Bartenbach (L1066)",300047907,ZLT24111463,9.5388609,48.994247,(UTC+01:00) Europe/Paris DST,2026-09-17T00:00:00+02:00,191,183,na,374,na,na,na
Eco Counter GmbH,Landratsamt Ostalbkreis,9187,OAK-07: Westhausen,300047924,ZLT25122964,10.1474782,48.8879177,(UTC+01:00) Europe/Paris DST,2026-09-11T00:00:00+02:00,138,24,na,162,14.5,0.0,0.0
Eco Counter GmbH,Landratsamt Ostalbkreis,9187,OAK-07: Westhausen,300047924,ZLT25122964,10.1474782,48.8879177,(UTC+01:00) Europe/Paris DST,2026-09-12T00:00:00+02:00,128,33,na,161,16.0,0.0,0.0
Eco Counter GmbH,Landratsamt Ostalbkreis,9187,OAK-07: Westhausen,300047924,ZLT25122964,10.1474782,48.8879177,(UTC+01:00) Europe/Paris DST,2026-09-13T00:00:00+02:00,90,23,na,113,16.5,2.5,0.0
Eco Counter GmbH,Landratsamt Ostalbkreis,9187,OAK-07: Westhausen,300047924,ZLT25122964,10.1474782,48.8879177,(UTC+01:00) Europe/Paris DST,2026-09-14T00:00:00+02:00,104,16,na,120,16.0,1.2,0.0
Eco Counter GmbH,Landratsamt Ostalbkreis,9187,OAK-07: Westhausen,300047924,ZLT25122964,10.1474782,48.8879177,(UTC+01:00) Europe/Paris DST,2026-09-15T00:00:00+02:00,203,38,na,241,18.5,0.0,0.0
Eco Counter GmbH,Landratsamt Ostalbkreis,9187,OAK-07: Westhausen,300047924,ZLT25122964,10.1474782,48.8879177,(UTC+01:00) Europe/Paris DST,2026-09-16T00:00:00+02:00,83,17,na,100,17.0,0.8,0.0
Eco Counter GmbH,Landratsamt Ostalbkreis,9187,OAK-07: Westhausen,300047924,ZLT25122964,10.1474782,48.8879177,(UTC+01:00) Europe/Paris DST,2026-09-17T00:00:00+02:00,157,37,na,194,na,na,na
Eco Counter GmbH,Landratsamt Ostalbkreis,9187,OAK-11: Ellwangen-Röhlingen,300047961,ZLT24101435,10.2689743,48.9379408,(UTC+01:00) Europe/Paris DST,2026-09-11T00:00:00+02:00,15,13,na,28,14.5,0.0,0.0
Eco Counter GmbH,Landratsamt Ostalbkreis,9187,OAK-11: Ellwangen-Röhlingen,300047961,ZLT24101435,10.2689743,48.9379408,(UTC+01:00) Europe/Paris DST,2026-09-12T00:00:00+02:00,18,9,na,27,16.0,0.0,0.0
Eco Counter GmbH,Landratsamt Ostalbkreis,9187,OAK-11: Ellwangen-Röhlingen,300047961,ZLT24101435,10.2689743,48.9379408,(UTC+01:00) Europe/Paris DST,2026-09-13T00:00:00+02:00,12,8,na,20,17.0,2.5,0.0
Eco Counter GmbH,Landratsamt Ostalbkreis,9187,OAK-11: Ellwangen-Röhlingen,300047961,ZLT24101435,10.2689743,48.9379408,(UTC+01:00) Europe/Paris DST,2026-09-14T00:00:00+02:00,13,10,na,23,16.0,1.2,0.0
Eco Counter GmbH,Landratsamt Ostalbkreis,9187,OAK-11: Ellwangen-Röhlingen,300047961,ZLT24101435,10.2689743,48.9379408,(UTC+01:00) Europe/Paris DST,2026-09-15T00:00:00+02:00,20,13,na,33,18.5,0.0,0.0
Eco Counter GmbH,Landratsamt Ostalbkreis,9187,OAK-11: Ellwangen-Röhlingen,300047961,ZLT24101435,10.2689743,48.9379408,(UTC+01:00) Europe/Paris DST,2026-09-16T00:00:00+02:00,10,7,na,17,16.5,0.8,0.0
Eco Counter GmbH,Landratsamt Ostalbkreis,9187,OAK-11: Ellwangen-Röhlingen,300047961,ZLT24101435,10.2689743,48.9379408,(UTC+01:00) Europe/Paris DST,2026-09-17T00:00:00+02:00,19,15,na,34,na,na,na
Eco Counter GmbH,Landratsamt Ostalbkreis,9187,OAK-08: Waldstetten,300047979,ZLT24101434,9.8133394,48.7805881,(UTC+01:00) Europe/Paris DST,2026-09-11T00:00:00+02:00,172,188,na,360,14.5,0.0,0.0
Eco Counter GmbH,Landratsamt Ostalbkreis,9187,OAK-08: Waldstetten,300047979,ZLT24101434,9.8133394,48.7805881,(UTC+01:00) Europe/Paris DST,2026-09-12T00:00:00+02:00,152,149,na,301,16.5,0.0,0.0
Eco Counter GmbH,Landratsamt Ostalbkreis,9187,OAK-08: Waldstetten,300047979,ZLT24101434,9.8133394,48.7805881,(UTC+01:00) Europe/Paris DST,2026-09-13T00:00:00+02:00,98,119,na,217,17.5,7.1,0.0
Eco Counter GmbH,Landratsamt Ostalbkreis,9187,OAK-08: Waldstetten,300047979,ZLT24101434,9.8133394,48.7805881,(UTC+01:00) Europe/Paris DST,2026-09-14T00:00:00+02:00,141,159,na,300,17.0,0.7,0.0
Eco Counter GmbH,Landratsamt Ostalbkreis,9187,OAK-08: Waldstetten,300047979,ZLT24101434,9.8133394,48.7805881,(UTC+01:00) Europe/Paris DST,2026-09-15T00:00:00+02:00,208,226,na,434,19.5,0.0,0.0
Eco Counter GmbH,Landratsamt Ostalbkreis,9187,OAK-08: Waldstetten,300047979,ZLT24101434,9.8133394,48.7805881,(UTC+01:00) Europe/Paris DST,2026-09-16T00:00:00+02:00,149,163,na,312,17.0,1.7,0.0
Eco Counter GmbH,Landratsamt Ostalbkreis,9187,OAK-08: Waldstetten,300047979,ZLT24101434,9.8133394,48.7805881,(UTC+01:00) Europe/Paris DST,2026-09-17T00:00:00+02:00,186,191,na,377,na,na,na
Eco Counter GmbH,Landratsamt Ostalbkreis,9187,OAK-10: Lorch,300048016,ZLT25122959,9.7209699,48.7911071,(UTC+01:00) Europe/Paris DST,2026-09-11T00:00:00+02:00,216,218,na,434,14.5,0.0,0.0
Eco Counter GmbH,Landratsamt Ostalbkreis,9187,OAK-10: Lorch,300048016,ZLT25122959,9.7209699,48.7911071,(UTC+01:00) Europe/Paris DST,2026-09-12T00:00:00+02:00,387,357,na,744,16.5,0.0,0.0
Eco Counter GmbH,Landratsamt Ostalbkreis,9187,OAK-10: Lorch,300048016,ZLT25122959,9.7209699,48.7911071,(UTC+01:00) Europe/Paris DST,2026-09-13T00:00:00+02:00,337,253,na,590,17.5,7.1,0.0
Eco Counter GmbH,Landratsamt Ostalbkreis,9187,OAK-10: Lorch,300048016,ZLT25122959,9.7209699,48.7911071,(UTC+01:00) Europe/Paris DST,2026-09-14T00:00:00+02:00,186,168,na,354,17.0,0.7,0.0
Eco Counter GmbH,Landratsamt Ostalbkreis,9187,OAK-10: Lorch,300048016,ZLT25122959,9.7209699,48.7911071,(UTC+01:00) Europe/Paris DST,2026-09-15T00:00:00+02:00,398,368,na,766,19.5,0.0,0.0
Eco Counter GmbH,Landratsamt Ostalbkreis,9187,OAK-10: Lorch,300048016,ZLT25122959,9.7209699,48.7911071,(UTC+01:00) Europe/Paris DST,2026-09-16T00:00:00+02:00,110,99,na,209,17.0,1.7,0.0
Eco Counter GmbH,Landratsamt Ostalbkreis,9187,OAK-10: Lorch,300048016,ZLT25122959,9.7209699,48.7911071,(UTC+01:00) Europe/Paris DST,2026-09-17T00:00:00+02:00,240,229,na,469,na,na,na
Eco Counter GmbH,Regierungspräsidium Stuttgart Aussenstelle Heilbronn,9407,Bad Wimpfen,300048165,COM24100274,9.183612,49.231792,(UTC+01:00) Europe/Paris DST,2026-09-11T00:00:00+02:00,490,457,na,947,17.0,0.0,0.0
Eco Counter GmbH,Regierungspräsidium Stuttgart Aussenstelle Heilbronn,9407,Bad Wimpfen,300048165,COM24100274,9.183612,49.231792,(UTC+01:00) Europe/Paris DST,2026-09-12T00:00:00+02:00,692,645,na,1337,18.5,0.0,0.0
Eco Counter GmbH,Regierungspräsidium Stuttgart Aussenstelle Heilbronn,9407,Bad Wimpfen,300048165,COM24100274,9.183612,49.231792,(UTC+01:00) Europe/Paris DST,2026-09-13T00:00:00+02:00,439,413,na,852,19.0,3.6,0.0
Eco Counter GmbH,Regierungspräsidium Stuttgart Aussenstelle Heilbronn,9407,Bad Wimpfen,300048165,COM24100274,9.183612,49.231792,(UTC+01:00) Europe/Paris DST,2026-09-14T00:00:00+02:00,412,405,na,817,19.5,2.5,0.0
Eco Counter GmbH,Regierungspräsidium Stuttgart Aussenstelle Heilbronn,9407,Bad Wimpfen,300048165,COM24100274,9.183612,49.231792,(UTC+01:00) Europe/Paris DST,2026-09-15T00:00:00+02:00,763,717,na,1480,21.5,0.0,0.0
Eco Counter GmbH,Regierungspräsidium Stuttgart Aussenstelle Heilbronn,9407,Bad Wimpfen,300048165,COM24100274,9.183612,49.231792,(UTC+01:00) Europe/Paris DST,2026-09-16T00:00:00+02:00,327,325,na,652,18.0,4.4,0.0
Eco Counter GmbH,Regierungspräsidium Stuttgart Aussenstelle Heilbronn,9407,Bad Wimpfen,300048165,COM24100274,9.183612,49.231792,(UTC+01:00) Europe/Paris DST,2026-09-17T00:00:00+02:00,533,493,na,1026,na,na,na
Eco Counter GmbH,Landratsamt Ostalbkreis,9187,OAK-9: Göggingen-Horn,300048419,ZLT25122961,9.91691464,48.8472236,(UTC+01:00) Europe/Paris DST,2026-09-11T00:00:00+02:00,34,41,na,75,14.5,0.0,0.0
Eco Counter GmbH,Landratsamt Ostalbkreis,9187,OAK-9: Göggingen-Horn,300048419,ZLT25122961,9.91691464,48.8472236,(UTC+01:00) Europe/Paris DST,2026-09-12T00:00:00+02:00,65,57,na,122,16.0,0.0,0.0
Eco Counter GmbH,Landratsamt Ostalbkreis,9187,OAK-9: Göggingen-Horn,300048419,ZLT25122961,9.91691464,48.8472236,(UTC+01:00) Europe/Paris DST,2026-09-13T00:00:00+02:00,67,60,na,127,17.5,7.1,0.0
Eco Counter GmbH,Landratsamt Ostalbkreis,9187,OAK-9: Göggingen-Horn,300048419,ZLT25122961,9.91691464,48.8472236,(UTC+01:00) Europe/Paris DST,2026-09-14T00:00:00+02:00,39,29,na,68,16.5,0.7,0.0
Eco Counter GmbH,Landratsamt Ostalbkreis,9187,OAK-9: Göggingen-Horn,300048419,ZLT25122961,9.91691464,48.8472236,(UTC+01:00) Europe/Paris DST,2026-09-15T00:00:00+02:00,66,96,na,162,19.5,0.0,0.0
Eco Counter GmbH,Landratsamt Ostalbkreis,9187,OAK-9: Göggingen-Horn,300048419,ZLT25122961,9.91691464,48.8472236,(UTC+01:00) Europe/Paris DST,2026-09-16T00:00:00+02:00,26,19,na,45,17.0,1.7,0.0
Eco Counter GmbH,Landratsamt Ostalbkreis,9187,OAK-9: Göggingen-Horn,300048419,ZLT25122961,9.91691464,48.8472236,(UTC+01:00) Europe/Paris DST,2026-09-17T00:00:00+02:00,39,43,na,82,na,na,na
Eco Counter GmbH,Stadt Freiburg,751,FR6 Rotteckring / H Theater,300049632,,7.846005856990815,47.99559925236635,(UTC+01:00) Europe/Paris DST,2026-09-11T00:00:00+02:00,na,na,8346,8346,16.0,0.0,0.0
Eco Counter GmbH,Stadt Freiburg,751,FR6 Rotteckring / H Theater,300049632,,7.846005856990815,47.99559925236635,(UTC+01:00) Europe/Paris DST,2026-09-12T00:00:00+02:00,na,na,6885,6885,17.5,0.0,0.0
Eco Counter GmbH,Stadt Freiburg,751,FR6 Rotteckring / H Theater,300049632,,7.846005856990815,47.99559925236635,(UTC+01:00) Europe/Paris DST,2026-09-13T00:00:00+02:00,na,na,3462,3462,19.5,1.5,0.0
Eco Counter GmbH,Stadt Freiburg,751,FR6 Rotteckring / H Theater,300049632,,7.846005856990815,47.99559925236635,(UTC+01:00) Europe/Paris DST,2026-09-14T00:00:00+02:00,na,na,10124,10124,20.0,0.0,0.0
Eco Counter GmbH,Stadt Freiburg,751,FR6 Rotteckring / H Theater,300049632,,7.846005856990815,47.99559925236635,(UTC+01:00) Europe/Paris DST,2026-09-15T00:00:00+02:00,na,na,10799,10799,22.0,0.0,0.0
Eco Counter GmbH,Stadt Freiburg,751,FR6 Rotteckring / H Theater,300049632,,7.846005856990815,47.99559925236635,(UTC+01:00) Europe/Paris DST,2026-09-16T00:00:00+02:00,na,na,8175,8175,18.0,3.4,0.0
Eco Counter GmbH,Stadt Freiburg,751,FR6 Rotteckring / H Theater,300049632,,7.846005856990815,47.99559925236635,(UTC+01:00) Europe/Paris DST,2026-09-17T00:00:00+02:00,na,na,10162,10162,na,na,na
Eco Counter GmbH,Stadt Pforzheim,9723,Emma-Jäger-Straße,300060591,ZLT25072244,8.7065645,48.8891721,(UTC+01:00) Europe/Paris DST,2026-09-11T00:00:00+02:00,525,514,na,1039,16.0,0.0,0.0
Eco Counter GmbH,Stadt Pforzheim,9723,Emma-Jäger-Straße,300060591,ZLT25072244,8.7065645,48.8891721,(UTC+01:00) Europe/Paris DST,2026-09-12T00:00:00+02:00,501,455,na,956,18.0,0.0,0.0
Eco Counter GmbH,Stadt Pforzheim,9723,Emma-Jäger-Straße,300060591,ZLT25072244,8.7065645,48.8891721,(UTC+01:00) Europe/Paris DST,2026-09-13T00:00:00+02:00,416,351,na,767,19.0,3.3,0.0
Eco Counter GmbH,Stadt Pforzheim,9723,Emma-Jäger-Straße,300060591,ZLT25072244,8.7065645,48.8891721,(UTC+01:00) Europe/Paris DST,2026-09-14T00:00:00+02:00,551,534,na,1085,18.5,1.1,0.0
Eco Counter GmbH,Stadt Pforzheim,9723,Emma-Jäger-Straße,300060591,ZLT25072244,8.7065645,48.8891721,(UTC+01:00) Europe/Paris DST,2026-09-15T00:00:00+02:00,660,611,na,1271,21.0,0.0,0.0
Eco Counter GmbH,Stadt Pforzheim,9723,Emma-Jäger-Straße,300060591,ZLT25072244,8.7065645,48.8891721,(UTC+01:00) Europe/Paris DST,2026-09-16T00:00:00+02:00,424,405,na,829,17.5,3.1,0.0
Eco Counter GmbH,Stadt Pforzheim,9723,Emma-Jäger-Straße,300060591,ZLT25072244,8.7065645,48.8891721,(UTC+01:00) Europe/Paris DST,2026-09-17T00:00:00+02:00,560,538,na,1098,na,na,na
Eco Counter GmbH,Stadt Neckarsulm,9785,Heilbronner Straße,300062158,COM25090448,9.223623275756838,49.17927769452962,(UTC+01:00) Europe/Paris DST,2026-09-11T00:00:00+02:00,131,117,na,248,17.0,0.0,0.0
Eco Counter GmbH,Stadt Neckarsulm,9785,Heilbronner Straße,300062158,COM25090448,9.223623275756838,49.17927769452962,(UTC+01:00) Europe/Paris DST,2026-09-12T00:00:00+02:00,67,60,na,127,18.5,0.0,0.0
Eco Counter GmbH,Stadt Neckarsulm,9785,Heilbronner Straße,300062158,COM25090448,9.223623275756838,49.17927769452962,(UTC+01:00) Europe/Paris DST,2026-09-13T00:00:00+02:00,56,30,na,86,19.0,3.6,0.0
Eco Counter GmbH,Stadt Neckarsulm,9785,Heilbronner Straße,300062158,COM25090448,9.223623275756838,49.17927769452962,(UTC+01:00) Europe/Paris DST,2026-09-14T00:00:00+02:00,130,99,na,229,19.5,2.5,0.0
Eco Counter GmbH,Stadt Neckarsulm,9785,Heilbronner Straße,300062158,COM25090448,9.223623275756838,49.17927769452962,(UTC+01:00) Europe/Paris DST,2026-09-15T00:00:00+02:00,176,145,na,321,21.5,0.0,0.0
Eco Counter GmbH,Stadt Neckarsulm,9785,Heilbronner Straße,300062158,COM25090448,9.223623275756838,49.17927769452962,(UTC+01:00) Europe/Paris DST,2026-09-16T00:00:00+02:00,123,87,na,210,18.0,4.4,0.0
Eco Counter GmbH,Stadt Neckarsulm,9785,Heilbronner Straße,300062158,COM25090448,9.223623275756838,49.17927769452962,(UTC+01:00) Europe/Paris DST,2026-09-17T00:00:00+02:00,142,116,na,258,na,na,na
Eco Counter GmbH,Stadt Freiburg,751,FR1 Dreisam / Otto-Wels-Str.,300064558,ZLT23030137,7.862408310537608,47.990553030002445,(UTC+01:00) Europe/Paris DST,2026-09-11T00:00:00+02:00,na,na,9140,9140,na,na,na
Eco Counter GmbH,Stadt Freiburg,751,FR1 Dreisam / Otto-Wels-Str.,300064558,ZLT23030137,7.862408310537608,47.990553030002445,(UTC+01:00) Europe/Paris DST,2026-09-12T00:00:00+02:00,na,na,8139,8139,na,na,na
Eco Counter GmbH,Stadt Freiburg,751,FR1 Dreisam / Otto-Wels-Str.,300064558,ZLT23030137,7.862408310537608,47.990553030002445,(UTC+01:00) Europe/Paris DST,2026-09-13T00:00:00+02:00,na,na,6383,6383,na,na,na
Eco Counter GmbH,Stadt Freiburg,751,FR1 Dreisam / Otto-Wels-Str.,300064558,ZLT23030137,7.862408310537608,47.990553030002445,(UTC+01:00) Europe/Paris DST,2026-09-14T00:00:00+02:00,na,na,10557,10557,na,na,na
Eco Counter GmbH,Stadt Freiburg,751,FR1 Dreisam / Otto-Wels-Str.,300064558,ZLT23030137,7.862408310537608,47.990553030002445,(UTC+01:00) Europe/Paris DST,2026-09-15T00:00:00+02:00,na,na,11895,11895,na,na,na
Eco Counter GmbH,Stadt Freiburg,751,FR1 Dreisam / Otto-Wels-Str.,300064558,ZLT23030137,7.862408310537608,47.990553030002445,(UTC+01:00) Europe/Paris DST,2026-09-16T00:00:00+02:00,na,na,8479,8479,na,na,na
Eco Counter GmbH,Stadt Freiburg,751,FR1 Dreisam / Otto-Wels-Str.,300064558,ZLT23030137,7.862408310537608,47.990553030002445,(UTC+01:00) Europe/Paris DST,2026-09-17T00:00:00+02:00,na,na,10602,10602,na,na,na
Eco Counter GmbH,Stadt Heilbronn,4100,3 Neckarsulmer str.,300066615,ZLT26023153,9.2259146,49.1584141,(UTC+01:00) Europe/Paris DST,2026-09-11T00:00:00+02:00,205,203,na,408,17.0,0.0,0.0
Eco Counter GmbH,Stadt Heilbronn,4100,3 Neckarsulmer str.,300066615,ZLT26023153,9.2259146,49.1584141,(UTC+01:00) Europe/Paris DST,2026-09-12T00:00:00+02:00,127,130,na,257,18.5,0.0,0.0
Eco Counter GmbH,Stadt Heilbronn,4100,3 Neckarsulmer str.,300066615,ZLT26023153,9.2259146,49.1584141,(UTC+01:00) Europe/Paris DST,2026-09-13T00:00:00+02:00,101,85,na,186,19.0,3.6,0.0
Eco Counter GmbH,Stadt Heilbronn,4100,3 Neckarsulmer str.,300066615,ZLT26023153,9.2259146,49.1584141,(UTC+01:00) Europe/Paris DST,2026-09-14T00:00:00+02:00,225,204,na,429,19.0,2.5,0.0
Eco Counter GmbH,Stadt Heilbronn,4100,3 Neckarsulmer str.,300066615,ZLT26023153,9.2259146,49.1584141,(UTC+01:00) Europe/Paris DST,2026-09-15T00:00:00+02:00,263,257,na,520,21.5,0.0,0.0
Eco Counter GmbH,Stadt Heilbronn,4100,3 Neckarsulmer str.,300066615,ZLT26023153,9.2259146,49.1584141,(UTC+01:00) Europe/Paris DST,2026-09-16T00:00:00+02:00,218,204,na,422,18.5,4.4,0.0
Eco Counter GmbH,Stadt Heilbronn,4100,3 Neckarsulmer str.,300066615,ZLT26023153,9.2259146,49.1584141,(UTC+01:00) Europe/Paris DST,2026-09-17T00:00:00+02:00,238,217,na,455,na,na,na
Eco Counter GmbH,Stadt Heilbronn,4100,4 Klingenberger Steg - Nordheim,300066622,ZLT26023155,9.159820675413359,49.118390860030225,(UTC+01:00) Europe/Paris DST,2026-09-11T00:00:00+02:00,412,402,na,814,16.0,0.0,0.0
Eco Counter GmbH,Stadt Heilbronn,4100,4 Klingenberger Steg - Nordheim,300066622,ZLT26023155,9.159820675413359,49.118390860030225,(UTC+01:00) Europe/Paris DST,2026-09-12T00:00:00+02:00,565,495,na,1060,18.0,0.0,0.0
Eco Counter GmbH,Stadt Heilbronn,4100,4 Klingenberger Steg - Nordheim,300066622,ZLT26023155,9.159820675413359,49.118390860030225,(UTC+01:00) Europe/Paris DST,2026-09-13T00:00:00+02:00,410,330,na,740,18.5,4.4,0.0
Eco Counter GmbH,Stadt Heilbronn,4100,4 Klingenberger Steg - Nordheim,300066622,ZLT26023155,9.159820675413359,49.118390860030225,(UTC+01:00) Europe/Paris DST,2026-09-14T00:00:00+02:00,400,376,na,776,18.5,0.2,0.0
Eco Counter GmbH,Stadt Heilbronn,4100,4 Klingenberger Steg - Nordheim,300066622,ZLT26023155,9.159820675413359,49.118390860030225,(UTC+01:00) Europe/Paris DST,2026-09-15T00:00:00+02:00,655,606,na,1261,20.5,0.0,0.0
Eco Counter GmbH,Stadt Heilbronn,4100,4 Klingenberger Steg - Nordheim,300066622,ZLT26023155,9.159820675413359,49.118390860030225,(UTC+01:00) Europe/Paris DST,2026-09-16T00:00:00+02:00,337,320,na,657,18.0,2.9,0.0
Eco Counter GmbH,Stadt Heilbronn,4100,4 Klingenberger Steg - Nordheim,300066622,ZLT26023155,9.159820675413359,49.118390860030225,(UTC+01:00) Europe/Paris DST,2026-09-17T00:00:00+02:00,455,440,na,895,na,na,na
Eco Counter GmbH,Stadt Heilbronn,4100,5 Im Haselter,300066668,ZLT26023154,9.1666077,49.1391945,(UTC+01:00) Europe/Paris DST,2026-09-11T00:00:00+02:00,105,150,na,255,16.0,0.0,0.0
Eco Counter GmbH,Stadt Heilbronn,4100,5 Im Haselter,300066668,ZLT26023154,9.1666077,49.1391945,(UTC+01:00) Europe/Paris DST,2026-09-12T00:00:00+02:00,122,124,na,246,18.0,0.0,0.0
Eco Counter GmbH,Stadt Heilbronn,4100,5 Im Haselter,300066668,ZLT26023154,9.1666077,49.1391945,(UTC+01:00) Europe/Paris DST,2026-09-13T00:00:00+02:00,68,78,na,146,18.5,4.4,0.0
Eco Counter GmbH,Stadt Heilbronn,4100,5 Im Haselter,300066668,ZLT26023154,9.1666077,49.1391945,(UTC+01:00) Europe/Paris DST,2026-09-14T00:00:00+02:00,114,133,na,247,18.5,0.2,0.0
Eco Counter GmbH,Stadt Heilbronn,4100,5 Im Haselter,300066668,ZLT26023154,9.1666077,49.1391945,(UTC+01:00) Europe/Paris DST,2026-09-15T00:00:00+02:00,175,226,na,401,20.0,0.0,0.0
Eco Counter GmbH,Stadt Heilbronn,4100,5 Im Haselter,300066668,ZLT26023154,9.1666077,49.1391945,(UTC+01:00) Europe/Paris DST,2026-09-16T00:00:00+02:00,103,130,na,233,18.0,2.9,0.0
Eco Counter GmbH,Stadt Heilbronn,4100,5 Im Haselter,300066668,ZLT26023154,9.1666077,49.1391945,(UTC+01:00) Europe/Paris DST,2026-09-17T00:00:00+02:00,147,176,na,323,na,na,na
Eco Counter GmbH,Stadt Heilbronn,4100,Neckarufer,300066823,COM26010526,9.214609,49.139652,(UTC+01:00) Europe/Paris DST,2026-09-11T00:00:00+02:00,1674,1558,na,3232,17.0,0.0,0.0
Eco Counter GmbH,Stadt Heilbronn,4100,Neckarufer,300066823,COM26010526,9.214609,49.139652,(UTC+01:00) Europe/Paris DST,2026-09-12T00:00:00+02:00,1670,1589,na,3259,18.5,0.0,0.0
Eco Counter GmbH,Stadt Heilbronn,4100,Neckarufer,300066823,COM26010526,9.214609,49.139652,(UTC+01:00) Europe/Paris DST,2026-09-13T00:00:00+02:00,793,837,na,1630,19.0,3.6,0.0
Eco Counter GmbH,Stadt Heilbronn,4100,Neckarufer,300066823,COM26010526,9.214609,49.139652,(UTC+01:00) Europe/Paris DST,2026-09-14T00:00:00+02:00,1513,1504,na,3017,19.0,2.5,0.0
Eco Counter GmbH,Stadt Heilbronn,4100,Neckarufer,300066823,COM26010526,9.214609,49.139652,(UTC+01:00) Europe/Paris DST,2026-09-15T00:00:00+02:00,2106,2012,na,4118,21.5,0.0,0.0
Eco Counter GmbH,Stadt Heilbronn,4100,Neckarufer,300066823,COM26010526,9.214609,49.139652,(UTC+01:00) Europe/Paris DST,2026-09-16T00:00:00+02:00,1289,1284,na,2573,18.5,4.4,0.0
Eco Counter GmbH,Stadt Heilbronn,4100,Neckarufer,300066823,COM26010526,9.214609,49.139652,(UTC+01:00) Europe/Paris DST,2026-09-17T00:00:00+02:00,1667,1628,na,3295,na,na,na
Eco Counter GmbH,Landratsamt Heilbronn,9931,RK 6 - Ellhofen,300069008,Y2H23070912,9.3275164,49.1505219,(UTC+01:00) Europe/Paris DST,2026-09-11T00:00:00+02:00,337,368,na,705,16.0,0.0,0.0
Eco Counter GmbH,Landratsamt Heilbronn,9931,RK 6 - Ellhofen,300069008,Y2H23070912,9.3275164,49.1505219,(UTC+01:00) Europe/Paris DST,2026-09-12T00:00:00+02:00,427,421,na,848,18.0,0.0,0.0
Eco Counter GmbH,Landratsamt Heilbronn,9931,RK 6 - Ellhofen,300069008,Y2H23070912,9.3275164,49.1505219,(UTC+01:00) Europe/Paris DST,2026-09-13T00:00:00+02:00,348,321,na,669,18.5,4.4,0.0
Eco Counter GmbH,Landratsamt Heilbronn,9931,RK 6 - Ellhofen,300069008,Y2H23070912,9.3275164,49.1505219,(UTC+01:00) Europe/Paris DST,2026-09-14T00:00:00+02:00,327,324,na,651,18.5,0.2,0.0
Eco Counter GmbH,Landratsamt Heilbronn,9931,RK 6 - Ellhofen,300069008,Y2H23070912,9.3275164,49.1505219,(UTC+01:00) Europe/Paris DST,2026-09-15T00:00:00+02:00,544,527,na,1071,20.5,0.0,0.0
Eco Counter GmbH,Landratsamt Heilbronn,9931,RK 6 - Ellhofen,300069008,Y2H23070912,9.3275164,49.1505219,(UTC+01:00) Europe/Paris DST,2026-09-16T00:00:00+02:00,259,270,na,529,18.0,2.9,0.0
Eco Counter GmbH,Landratsamt Heilbronn,9931,RK 6 - Ellhofen,300069008,Y2H23070912,9.3275164,49.1505219,(UTC+01:00) Europe/Paris DST,2026-09-17T00:00:00+02:00,456,429,na,885,na,na,na
Eco Counter GmbH,Landratsamt Heilbronn,9931,RK 7 - Talheim,300069016,Y2H22104634,9.198019914329052,49.07499283328944,(UTC+01:00) Europe/Paris DST,2026-09-11T00:00:00+02:00,12,106,na,118,16.0,0.0,0.0
Eco Counter GmbH,Landratsamt Heilbronn,9931,RK 7 - Talheim,300069016,Y2H22104634,9.198019914329052,49.07499283328944,(UTC+01:00) Europe/Paris DST,2026-09-12T00:00:00+02:00,16,158,na,174,18.0,0.0,0.0
Eco Counter GmbH,Landratsamt Heilbronn,9931,RK 7 - Talheim,300069016,Y2H22104634,9.198019914329052,49.07499283328944,(UTC+01:00) Europe/Paris DST,2026-09-13T00:00:00+02:00,15,120,na,135,18.5,4.4,0.0
Eco Counter GmbH,Landratsamt Heilbronn,9931,RK 7 - Talheim,300069016,Y2H22104634,9.198019914329052,49.07499283328944,(UTC+01:00) Europe/Paris DST,2026-09-14T00:00:00+02:00,9,56,na,65,18.5,0.2,0.0
Eco Counter GmbH,Landratsamt Heilbronn,9931,RK 7 - Talheim,300069016,Y2H22104634,9.198019914329052,49.07499283328944,(UTC+01:00) Europe/Paris DST,2026-09-15T00:00:00+02:00,14,167,na,181,20.5,0.0,0.0
Eco Counter GmbH,Landratsamt Heilbronn,9931,RK 7 - Talheim,300069016,Y2H22104634,9.198019914329052,49.07499283328944,(UTC+01:00) Europe/Paris DST,2026-09-16T00:00:00+02:00,5,38,na,43,18.0,2.9,0.0
Eco Counter GmbH,Landratsamt Heilbronn,9931,RK 7 - Talheim,300069016,Y2H22104634,9.198019914329052,49.07499283328944,(UTC+01:00) Europe/Paris DST,2026-09-17T00:00:00+02:00,10,96,na,106,na,na,na
Eco Counter GmbH,Landratsamt Heilbronn,9931,RK 9 - Cleebronn,300069021,Y2H24082457,9.0253618,49.064343,(UTC+01:00) Europe/Paris DST,2026-09-11T00:00:00+02:00,291,252,na,543,16.0,0.0,0.0
Eco Counter GmbH,Landratsamt Heilbronn,9931,RK 9 - Cleebronn,300069021,Y2H24082457,9.0253618,49.064343,(UTC+01:00) Europe/Paris DST,2026-09-12T00:00:00+02:00,267,271,na,538,18.0,0.0,0.0
Eco Counter GmbH,Landratsamt Heilbronn,9931,RK 9 - Cleebronn,300069021,Y2H24082457,9.0253618,49.064343,(UTC+01:00) Europe/Paris DST,2026-09-13T00:00:00+02:00,150,136,na,286,18.5,4.3,0.0
Eco Counter GmbH,Landratsamt Heilbronn,9931,RK 9 - Cleebronn,300069021,Y2H24082457,9.0253618,49.064343,(UTC+01:00) Europe/Paris DST,2026-09-14T00:00:00+02:00,231,180,na,411,18.5,0.1,0.0
Eco Counter GmbH,Landratsamt Heilbronn,9931,RK 9 - Cleebronn,300069021,Y2H24082457,9.0253618,49.064343,(UTC+01:00) Europe/Paris DST,2026-09-15T00:00:00+02:00,323,348,na,671,20.5,0.0,0.0
Eco Counter GmbH,Landratsamt Heilbronn,9931,RK 9 - Cleebronn,300069021,Y2H24082457,9.0253618,49.064343,(UTC+01:00) Europe/Paris DST,2026-09-16T00:00:00+02:00,159,123,na,282,17.5,1.9,0.0
Eco Counter GmbH,Landratsamt Heilbronn,9931,RK 9 - Cleebronn,300069021,Y2H24082457,9.0253618,49.064343,(UTC+01:00) Europe/Paris DST,2026-09-17T00:00:00+02:00,270,244,na,514,na,na,na
Eco Counter GmbH,Stadt Freiburg,751,FR1 Berliner Brücke - Nur Rad,300069330,WVX25110030,7.81607508659363,47.9999158092696,(UTC+01:00) Europe/Paris DST,2026-09-11T00:00:00+02:00,na,na,2341,2341,na,na,na
Eco Counter GmbH,Stadt Freiburg,751,FR1 Berliner Brücke - Nur Rad,300069330,WVX25110030,7.81607508659363,47.9999158092696,(UTC+01:00) Europe/Paris DST,2026-09-12T00:00:00+02:00,na,na,2073,2073,na,na,na
Eco Counter GmbH,Stadt Freiburg,751,FR1 Berliner Brücke - Nur Rad,300069330,WVX25110030,7.81607508659363,47.9999158092696,(UTC+01:00) Europe/Paris DST,2026-09-13T00:00:00+02:00,na,na,1888,1888,na,na,na
Eco Counter GmbH,Stadt Freiburg,751,FR1 Berliner Brücke - Nur Rad,300069330,WVX25110030,7.81607508659363,47.9999158092696,(UTC+01:00) Europe/Paris DST,2026-09-14T00:00:00+02:00,na,na,2424,2424,na,na,na
Eco Counter GmbH,Stadt Freiburg,751,FR1 Berliner Brücke - Nur Rad,300069330,WVX25110030,7.81607508659363,47.9999158092696,(UTC+01:00) Europe/Paris DST,2026-09-15T00:00:00+02:00,na,na,3113,3113,na,na,na
Eco Counter GmbH,Stadt Freiburg,751,FR1 Berliner Brücke - Nur Rad,300069330,WVX25110030,7.81607508659363,47.9999158092696,(UTC+01:00) Europe/Paris DST,2026-09-16T00:00:00+02:00,na,na,1913,1913,na,na,na
Eco Counter GmbH,Stadt Freiburg,751,FR1 Berliner Brücke - Nur Rad,300069330,WVX25110030,7.81607508659363,47.9999158092696,(UTC+01:00) Europe/Paris DST,2026-09-17T00:00:00+02:00,na,na,2635,2635,na,na,na
Eco Counter GmbH,Stadt Freiburg,751,RS6 Wildtalstr. / Weg Gundelfingen - Nur Rad,300069331,WVX25110029,7.86753803,48.03065106,(UTC+01:00) Europe/Paris DST,2026-09-11T00:00:00+02:00,na,na,2515,2515,na,na,na
Eco Counter GmbH,Stadt Freiburg,751,RS6 Wildtalstr. / Weg Gundelfingen - Nur Rad,300069331,WVX25110029,7.86753803,48.03065106,(UTC+01:00) Europe/Paris DST,2026-09-12T00:00:00+02:00,na,na,1981,1981,na,na,na
Eco Counter GmbH,Stadt Freiburg,751,RS6 Wildtalstr. / Weg Gundelfingen - Nur Rad,300069331,WVX25110029,7.86753803,48.03065106,(UTC+01:00) Europe/Paris DST,2026-09-13T00:00:00+02:00,na,na,1829,1829,na,na,na
Eco Counter GmbH,Stadt Freiburg,751,RS6 Wildtalstr. / Weg Gundelfingen - Nur Rad,300069331,WVX25110029,7.86753803,48.03065106,(UTC+01:00) Europe/Paris DST,2026-09-14T00:00:00+02:00,na,na,2827,2827,na,na,na
Eco Counter GmbH,Stadt Freiburg,751,RS6 Wildtalstr. / Weg Gundelfingen - Nur Rad,300069331,WVX25110029,7.86753803,48.03065106,(UTC+01:00) Europe/Paris DST,2026-09-15T00:00:00+02:00,na,na,3247,3247,na,na,na
Eco Counter GmbH,Stadt Freiburg,751,RS6 Wildtalstr. / Weg Gundelfingen - Nur Rad,300069331,WVX25110029,7.86753803,48.03065106,(UTC+01:00) Europe/Paris DST,2026-09-16T00:00:00+02:00,na,na,2233,2233,na,na,na
Eco Counter GmbH,Stadt Freiburg,751,RS6 Wildtalstr. / Weg Gundelfingen - Nur Rad,300069331,WVX25110029,7.86753803,48.03065106,(UTC+01:00) Europe/Paris DST,2026-09-17T00:00:00+02:00,na,na,3003,3003,na,na,na
Eco Counter GmbH,Stadt Freiburg,751,Basler Landstr. / Schallstadt,300069332,ZLT25112684,7.7822676,47.97290815,(UTC+01:00) Europe/Paris DST,2026-09-11T00:00:00+02:00,na,na,1880,1880,na,na,na
Eco Counter GmbH,Stadt Freiburg,751,Basler Landstr. / Schallstadt,300069332,ZLT25112684,7.7822676,47.97290815,(UTC+01:00) Europe/Paris DST,2026-09-12T00:00:00+02:00,na,na,1796,1796,na,na,na
Eco Counter GmbH,Stadt Freiburg,751,Basler Landstr. / Schallstadt,300069332,ZLT25112684,7.7822676,47.97290815,(UTC+01:00) Europe/Paris DST,2026-09-13T00:00:00+02:00,na,na,1601,1601,na,na,na
Eco Counter GmbH,Stadt Freiburg,751,Basler Landstr. / Schallstadt,300069332,ZLT25112684,7.7822676,47.97290815,(UTC+01:00) Europe/Paris DST,2026-09-14T00:00:00+02:00,na,na,2041,2041,na,na,na
Eco Counter GmbH,Stadt Freiburg,751,Basler Landstr. / Schallstadt,300069332,ZLT25112684,7.7822676,47.97290815,(UTC+01:00) Europe/Paris DST,2026-09-15T00:00:00+02:00,na,na,2388,2388,na,na,na
Eco Counter GmbH,Stadt Freiburg,751,Basler Landstr. / Schallstadt,300069332,ZLT25112684,7.7822676,47.97290815,(UTC+01:00) Europe/Paris DST,2026-09-16T00:00:00+02:00,na,na,1468,1468,na,na,na
Eco Counter GmbH,Stadt Freiburg,751,Basler Landstr. / Schallstadt,300069332,ZLT25112684,7.7822676,47.97290815,(UTC+01:00) Europe/Paris DST,2026-09-17T00:00:00+02:00,na,na,2165,2165,na,na,na
Eco Counter GmbH,Stadt Freiburg,751,FR1 Ebnet Nepomukbrücke,300069333,ZLT26083965,7.8989540040493,47.9872415154146,(UTC+01:00) Europe/Paris DST,2026-09-11T00:00:00+02:00,na,na,3194,3194,16.0,0.0,0.0
Eco Counter GmbH,Stadt Freiburg,751,FR1 Ebnet Nepomukbrücke,300069333,ZLT26083965,7.8989540040493,47.9872415154146,(UTC+01:00) Europe/Paris DST,2026-09-12T00:00:00+02:00,na,na,3265,3265,17.5,0.0,0.0
Eco Counter GmbH,Stadt Freiburg,751,FR1 Ebnet Nepomukbrücke,300069333,ZLT26083965,7.8989540040493,47.9872415154146,(UTC+01:00) Europe/Paris DST,2026-09-13T00:00:00+02:00,na,na,2880,2880,19.5,1.5,0.0
Eco Counter GmbH,Stadt Freiburg,751,FR1 Ebnet Nepomukbrücke,300069333,ZLT26083965,7.8989540040493,47.9872415154146,(UTC+01:00) Europe/Paris DST,2026-09-14T00:00:00+02:00,na,na,3422,3422,20.0,0.0,0.0
Eco Counter GmbH,Stadt Freiburg,751,FR1 Ebnet Nepomukbrücke,300069333,ZLT26083965,7.8989540040493,47.9872415154146,(UTC+01:00) Europe/Paris DST,2026-09-15T00:00:00+02:00,na,na,4134,4134,22.0,0.0,0.0
Eco Counter GmbH,Stadt Freiburg,751,FR1 Ebnet Nepomukbrücke,300069333,ZLT26083965,7.8989540040493,47.9872415154146,(UTC+01:00) Europe/Paris DST,2026-09-16T00:00:00+02:00,na,na,2533,2533,18.0,3.4,0.0
Eco Counter GmbH,Stadt Freiburg,751,FR1 Ebnet Nepomukbrücke,300069333,ZLT26083965,7.8989540040493,47.9872415154146,(UTC+01:00) Europe/Paris DST,2026-09-17T00:00:00+02:00,na,na,3460,3460,na,na,na
Eco Counter GmbH,Stadt Freiburg,751,FR1 In den Brechtern / Umkirch,300069336,ZLT25112687,7.79201361,48.02478662,(UTC+01:00) Europe/Paris DST,2026-09-11T00:00:00+02:00,na,na,1157,1157,na,na,na
Eco Counter GmbH,Stadt Freiburg,751,FR1 In den Brechtern / Umkirch,300069336,ZLT25112687,7.79201361,48.02478662,(UTC+01:00) Europe/Paris DST,2026-09-12T00:00:00+02:00,na,na,1276,1276,na,na,na
Eco Counter GmbH,Stadt Freiburg,751,FR1 In den Brechtern / Umkirch,300069336,ZLT25112687,7.79201361,48.02478662,(UTC+01:00) Europe/Paris DST,2026-09-13T00:00:00+02:00,na,na,1206,1206,na,na,na
Eco Counter GmbH,Stadt Freiburg,751,FR1 In den Brechtern / Umkirch,300069336,ZLT25112687,7.79201361,48.02478662,(UTC+01:00) Europe/Paris DST,2026-09-14T00:00:00+02:00,na,na,1250,1250,na,na,na
Eco Counter GmbH,Stadt Freiburg,751,FR1 In den Brechtern / Umkirch,300069336,ZLT25112687,7.79201361,48.02478662,(UTC+01:00) Europe/Paris DST,2026-09-15T00:00:00+02:00,na,na,1490,1490,na,na,na
Eco Counter GmbH,Stadt Freiburg,751,FR1 In den Brechtern / Umkirch,300069336,ZLT25112687,7.79201361,48.02478662,(UTC+01:00) Europe/Paris DST,2026-09-16T00:00:00+02:00,na,na,862,862,na,na,na
Eco Counter GmbH,Stadt Freiburg,751,FR1 In den Brechtern / Umkirch,300069336,ZLT25112687,7.79201361,48.02478662,(UTC+01:00) Europe/Paris DST,2026-09-17T00:00:00+02:00,na,na,1315,1315,na,na,na
Eco Counter GmbH,Stadt Freiburg,751,FR4 Lehener Str. / HBF,300069337,ZLT25112685,7.84333169460297,47.9994769907659,(UTC+01:00) Europe/Paris DST,2026-09-11T00:00:00+02:00,na,na,3786,3786,16.0,0.0,0.0
Eco Counter GmbH,Stadt Freiburg,751,FR4 Lehener Str. / HBF,300069337,ZLT25112685,7.84333169460297,47.9994769907659,(UTC+01:00) Europe/Paris DST,2026-09-12T00:00:00+02:00,na,na,3324,3324,17.5,0.0,0.0
Eco Counter GmbH,Stadt Freiburg,751,FR4 Lehener Str. / HBF,300069337,ZLT25112685,7.84333169460297,47.9994769907659,(UTC+01:00) Europe/Paris DST,2026-09-13T00:00:00+02:00,na,na,1815,1815,19.5,1.5,0.0
Eco Counter GmbH,Stadt Freiburg,751,FR4 Lehener Str. / HBF,300069337,ZLT25112685,7.84333169460297,47.9994769907659,(UTC+01:00) Europe/Paris DST,2026-09-14T00:00:00+02:00,na,na,4139,4139,20.0,0.0,0.0
Eco Counter GmbH,Stadt Freiburg,751,FR4 Lehener Str. / HBF,300069337,ZLT25112685,7.84333169460297,47.9994769907659,(UTC+01:00) Europe/Paris DST,2026-09-15T00:00:00+02:00,na,na,4413,4413,22.0,0.0,0.0
Eco Counter GmbH,Stadt Freiburg,751,FR4 Lehener Str. / HBF,300069337,ZLT25112685,7.84333169460297,47.9994769907659,(UTC+01:00) Europe/Paris DST,2026-09-16T00:00:00+02:00,na,na,3644,3644,18.0,3.4,0.0
Eco Counter GmbH,Stadt Freiburg,751,FR4 Lehener Str. / HBF,300069337,ZLT25112685,7.84333169460297,47.9994769907659,(UTC+01:00) Europe/Paris DST,2026-09-17T00:00:00+02:00,na,na,4262,4262,na,na,na
Eco Counter GmbH,Stadt Freiburg,751,K9860 Christ / Hochdorf / March,300069338,ZLT25112681,7.79678518,48.03672343,(UTC+01:00) Europe/Paris DST,2026-09-11T00:00:00+02:00,na,na,1271,1271,na,na,na
Eco Counter GmbH,Stadt Freiburg,751,K9860 Christ / Hochdorf / March,300069338,ZLT25112681,7.79678518,48.03672343,(UTC+01:00) Europe/Paris DST,2026-09-12T00:00:00+02:00,na,na,1213,1213,na,na,na
Eco Counter GmbH,Stadt Freiburg,751,K9860 Christ / Hochdorf / March,300069338,ZLT25112681,7.79678518,48.03672343,(UTC+01:00) Europe/Paris DST,2026-09-13T00:00:00+02:00,na,na,1107,1107,na,na,na
Eco Counter GmbH,Stadt Freiburg,751,K9860 Christ / Hochdorf / March,300069338,ZLT25112681,7.79678518,48.03672343,(UTC+01:00) Europe/Paris DST,2026-09-14T00:00:00+02:00,na,na,1363,1363,na,na,na
Eco Counter GmbH,Stadt Freiburg,751,K9860 Christ / Hochdorf / March,300069338,ZLT25112681,7.79678518,48.03672343,(UTC+01:00) Europe/Paris DST,2026-09-15T00:00:00+02:00,na,na,1706,1706,na,na,na
Eco Counter GmbH,Stadt Freiburg,751,K9860 Christ / Hochdorf / March,300069338,ZLT25112681,7.79678518,48.03672343,(UTC+01:00) Europe/Paris DST,2026-09-16T00:00:00+02:00,na,na,993,993,na,na,na
Eco Counter GmbH,Stadt Freiburg,751,K9860 Christ / Hochdorf / March,300069338,ZLT25112681,7.79678518,48.03672343,(UTC+01:00) Europe/Paris DST,2026-09-17T00:00:00+02:00,na,na,1499,1499,na,na,na
Eco Counter GmbH,Stadt Heilbronn,4100,1 Wilhelm-Leuschner-Straße (CITIX AI) - Hardware - Fuß- und Radverkehr,300069828,CAQ26030459,9.19981119,49.14115951,(UTC+01:00) Europe/Paris DST,2026-09-11T00:00:00+02:00,24,855,na,879,17.0,0.0,0.0
Eco Counter GmbH,Stadt Heilbronn,4100,1 Wilhelm-Leuschner-Straße (CITIX AI) - Hardware - Fuß- und Radverkehr,300069828,CAQ26030459,9.19981119,49.14115951,(UTC+01:00) Europe/Paris DST,2026-09-12T00:00:00+02:00,23,931,na,954,18.5,0.0,0.0
Eco Counter GmbH,Stadt Heilbronn,4100,1 Wilhelm-Leuschner-Straße (CITIX AI) - Hardware - Fuß- und Radverkehr,300069828,CAQ26030459,9.19981119,49.14115951,(UTC+01:00) Europe/Paris DST,2026-09-13T00:00:00+02:00,13,604,na,617,19.0,3.6,0.0
Eco Counter GmbH,Stadt Heilbronn,4100,1 Wilhelm-Leuschner-Straße (CITIX AI) - Hardware - Fuß- und Radverkehr,300069828,CAQ26030459,9.19981119,49.14115951,(UTC+01:00) Europe/Paris DST,2026-09-14T00:00:00+02:00,30,859,na,889,19.5,2.5,0.0
Eco Counter GmbH,Stadt Heilbronn,4100,1 Wilhelm-Leuschner-Straße (CITIX AI) - Hardware - Fuß- und Radverkehr,300069828,CAQ26030459,9.19981119,49.14115951,(UTC+01:00) Europe/Paris DST,2026-09-15T00:00:00+02:00,32,1234,na,1266,21.5,0.0,0.0
Eco Counter GmbH,Stadt Heilbronn,4100,1 Wilhelm-Leuschner-Straße (CITIX AI) - Hardware - Fuß- und Radverkehr,300069828,CAQ26030459,9.19981119,49.14115951,(UTC+01:00) Europe/Paris DST,2026-09-16T00:00:00+02:00,19,789,na,808,18.0,4.4,0.0
Eco Counter GmbH,Stadt Heilbronn,4100,1 Wilhelm-Leuschner-Straße (CITIX AI) - Hardware - Fuß- und Radverkehr,300069828,CAQ26030459,9.19981119,49.14115951,(UTC+01:00) Europe/Paris DST,2026-09-17T00:00:00+02:00,28,999,na,1027,na,na,na
Eco Counter GmbH,Stadt Heilbronn,4100,2 Bismarckstraße - Nur Radverkehr,300069829,ZLT26023152,9.2261828,49.1401425,(UTC+01:00) Europe/Paris DST,2026-09-11T00:00:00+02:00,370,304,na,674,17.0,0.0,0.0
Eco Counter GmbH,Stadt Heilbronn,4100,2 Bismarckstraße - Nur Radverkehr,300069829,ZLT26023152,9.2261828,49.1401425,(UTC+01:00) Europe/Paris DST,2026-09-12T00:00:00+02:00,345,314,na,659,18.5,0.0,0.0
Eco Counter GmbH,Stadt Heilbronn,4100,2 Bismarckstraße - Nur Radverkehr,300069829,ZLT26023152,9.2261828,49.1401425,(UTC+01:00) Europe/Paris DST,2026-09-13T00:00:00+02:00,169,167,na,336,19.0,3.6,0.0
Eco Counter GmbH,Stadt Heilbronn,4100,2 Bismarckstraße - Nur Radverkehr,300069829,ZLT26023152,9.2261828,49.1401425,(UTC+01:00) Europe/Paris DST,2026-09-14T00:00:00+02:00,415,326,na,741,19.5,2.5,0.0
Eco Counter GmbH,Stadt Heilbronn,4100,2 Bismarckstraße - Nur Radverkehr,300069829,ZLT26023152,9.2261828,49.1401425,(UTC+01:00) Europe/Paris DST,2026-09-15T00:00:00+02:00,490,397,na,887,21.5,0.0,0.0
Eco Counter GmbH,Stadt Heilbronn,4100,2 Bismarckstraße - Nur Radverkehr,300069829,ZLT26023152,9.2261828,49.1401425,(UTC+01:00) Europe/Paris DST,2026-09-16T00:00:00+02:00,357,308,na,665,18.0,4.4,0.0
Eco Counter GmbH,Stadt Heilbronn,4100,2 Bismarckstraße - Nur Radverkehr,300069829,ZLT26023152,9.2261828,49.1401425,(UTC+01:00) Europe/Paris DST,2026-09-17T00:00:00+02:00,470,362,na,832,na,na,na