svznr,zstart,klasse,nummer,gpsx1,gpsy1,RI,RII,DTV2024,DTVSV
70191100,TM,B,10,8.992182999999997,48.91870000001104,B 10/K 1648 bei Vaihingen an der Enz (2),B 10/L 1138 bei Hardt- und Schönbühlhof,24088,1996
70191108,DZ,B,10,8.949258000000002,48.92760199999999,B 10/L 1125 bei Vaihingen an der Enz,B 10/K 1648 bei Vaihingen an der Enz (2),13341,1880
70191109,TM,B,10,8.934813000000002,48.94546699999997,B10/B35 Illinger Eck,B 10/L 1125 bei Vaihingen an der Enz,13398,1485
70191201,TM,L,1125,8.946324537617702,48.93007985509535,L1125/K4502 Grossglattbach,B 10/L 1125/K 1696 bei Vaihingen an der Enz,6232,180
70191217,TM,K,1696,8.954517999999995,48.92945600001103,B 10/L 1125/K 1696 bei Vaihingen an der Enz,L 1125/K 1696 Vaihingen-Kleinglattbach,5781,114
70191218,TM,K,1696,8.972894948034348,48.94647141590789,K 1648/K 1696 Vaihingen a.d.E.,L 1125/K 1696 Vaihingen-Kleinglattbach,9104,488
70201001,DZ,A,81,9.154316000000003,48.90246499999999,AS Ludwigsburg-Nord (15),AS Ludwigsburg-Süd (16),135561,12593
70201100,MZ,B,27,9.160102000000034,48.91761600001104,B 27/L 1138 Ludwigsburg (Mäurach),AS Ludwigsburg-Nord A81/B27 (015),37671,1058
70201101,MZ,B,27,9.153629000000032,48.92431500001107,AS Ludwigsburg-Nord A81/B27 (015),B 27/L 1130/K 1600 Bietigheim-Bissingen,35695,1649
70201201,TM,L,1110,9.115360186281755,48.93319234843719,"L 1110/L 1133 Tamm, Kreisverkehr","K 1678/L 1110 Bietigheim-Bissingen, Kreisverkehr",15751,683
70201208,MZ,L,1110,9.100647000000023,48.949575000011066,L 1110 Bietigheim-Bissingen (Beginn Seitenarm),"L 1110/K 1684 Bietigheim-Untermberg, Kreisverkehr",10000,285
70201209,TM,K,1685,9.001312079438767,48.92199930882168,B 10 /K 1685 bei Enzweihingen,L 1141/K 1685 Unterriexingen,8048,316
70201210,TM,K,1683,9.023880361309375,48.93263080214329,"K 1683/L 1125 bei Sersheim, Kreisverkehr",K 1683/K 1685 bei Oberriexingen,3213,78
70201211,TM,L,1133,9.144258000000006,48.92269499999996,"L 1110/L 1133 Tamm, Kreisverkehr",L 1133/B 27 Breuningerland,13956,368
70201212,TM,K,1671,9.104673756257586,48.91287845946352,L1138/K1676 Markgröningen,B 27/K 1671 bei Bietigheim-Bissingen,8019,340
70201213,TM,L,1138,9.157123999999996,48.90462599999999,L 1110/L 1138 Asperg,B 27/L 1138 Ludwigsburg,9778,269
70201214,TM,L,1138,9.115391000000006,48.90614200000001,"L 1138/K 1705 Markgröningen, Kreisverkehr","L 1138/K 1693 Asperg, Kreisverkehr",8002,268
70201215,TM,L,1138,9.045043613239322,48.901377654504586,B 10/L 1138 bei Hardt- und Schönbühlhof,L 1138/L 1141/K 1660 Markgröningen,4188,304
70201216,TM,L,1141,9.075494000000006,48.91565399999998,L 1138/L 1141/K 1660 Markgröningen,L 1141/K 1685 Unterriexingen,9055,272
70201225,TM,L,1138,9.084327000000004,48.90451099999999,L 1138/L 1141/K 1660 Markgröningen,"L 1138/K 1705 Markgröningen, Kreisverkehr",13940,619
70201226,MZ,L,1138,9.133008000000006,48.905754,"L 1138/K 1693 Asperg, Kreisverkehr",L 1110/L 1138 Asperg,17044,443
70201227,TM,L,1138,9.141207,48.90423899999996,L 1110/L 1138 Asperg,B 27/L 1138 Ludwigsburg,15105,275
70201228,TM,L,1141,9.088693,48.893533000000026,"L1141/K1705 bei Markgröningen, Kreisverkehr",L 1138/L 1141/K 1660 Markgröningen,7751,390
70201229,TM,L,1141,9.079225000000022,48.90344600001104,L 1138/L 1141/K 1660 Markgröningen,L 1141/K 1685 Unterriexingen,9339,320
70201230,TM,L,1110,9.125113000000002,48.921501999999954,L 1110/L 1138 Asperg,L 1110/K 1671 bei Tamm (Boehringer Kreuzung),19179,649
70201231,TM,L,1141,9.056157000000002,48.94977099999998,L 1141/K 1685 Unterriexingen,L 1110/L 1141 Sachsenheim,7791,284
70211200,TM,K,1695,9.262474930497774,48.93350156112703,L 1100/K 1695 Lbg.-Poppenweiler,L 1127/K 1695 Marbach,5911,125
70211202,TM,L,1113,9.176330000000036,48.94860600001109,"L 1113/L 1138 bei Freiberg, Kreisverkehr",L 1113/K 1619 bei Besigheim,9477,248
70211203,TM,L,1100,9.243985999999998,48.92835600000001,L 1124/K 1663 Ludwigsburg-Oßweil,L 1100/L 1124 Marbach,15988,902
70211204,TM,L,1124,9.287141000000004,48.94908500000001,L 1124/L 1127/K 1603 Marbach,"L 1124/L 1126/K 1606 bei Erdmannhausen, Kreisverkehr",8038,313
70211208,TM,L,1127,9.298271264241103,48.92842560708865,L 1127/K 1695 Marbach,"L1127/K1848, WN*Gollenhof;beim",6457,277
70211209,TM,L,1138,9.247183841210978,48.94892458694066,L 1138/K 1672 Benningen,L 1100/L 1138 bei Marbach,5850,195
70211210,TM,L,1129,9.203584000000005,48.94577800000003,L 1129/L 1138  Freiberg,L 1125/L 1129 bei Pleidelsheim,11194,813
70211211,TM,L,1138,9.177467000000002,48.92888699999999,B 27/L 1138 Ludwigsburg (Mäurach),L 1138/K 1672 Benningen,13814,500
70211212,TM,L,1127,9.263943000000063,48.94187000001105,L 1124/L 1127/K 1603 Marbach,L 1127/K 1695 Marbach,16290,824
70211216,TM,L,1124,9.269790000000055,48.944003000011065,L 1124/L 1127/K 1603 Marbach,L 1124/K 1605 bei Erdmannhausen,10073,444
70211217,TM,L,1127,9.262494000000054,48.93917700001112,L 1127/K 1695 Marbach,L 1127/K 1603 Affalterbach,7380,241
70211218,MZ,L,1129,9.204698000000043,48.93833000001109,L 1129/K 1672 bei Freiberg-Heutingsheim,"L 1129/K 1700 bei Pleidelsheim, Kreisverkehr",21589,780
70211219,TM,L,1129,9.201993078388936,48.91912747429338,L 1124/L 1129 Ludwigsburg,"L 1129/K 1600 bei Freiberg-Heutingsheim, Kreisverkehr",17192,352
70211400,MZ,K,1600,9.201224000000002,48.92566799999997,L 1138/K 1600 Freiberg,"L 1129/K 1600 bei Freiberg-Heutingsheim, Kreisverkehr",8812,216
70211403,TM,K,1834,9.324544,48.943648000000046,"L 1124/L 1126/K 1606 bei Erdmannhausen, Kreisverkehr","L1114/K1834, WN*Kirchberg a.d.M. (Ost)",3307,238
70211405,TM,L,1100,9.261302024562983,48.90337594879696,L 1100/K 1695 Lbg.-Poppenweiler,L 1100/K 1664 Ludwigsburg-Neckarweihingen,10794,650
70221101,TM,L,1120,9.424135000000092,48.89509800001103,"B14/K1845, WN*Nellmersbach;bei","B14/L1120, WN*Hertmannsweiler (West)",14234,974
70221201,TM,L,1114,9.37955600000009,48.90944200001106,"L1114/L1127/K1849/K1850, WN*Weiler z.St.;bei","L1114/K1905, WN*Burgstall (West)",3597,85
70221202,TM,K,1907,9.464315999999998,48.926787000000026,"L1080/K1907, WN*Unterweissach;bei, Kreisverkehr","K1826/K1907, WN*Unterbrüden",14568,416
70221203,TM,L,1114,9.352397000000076,48.94152500001112,"L1114/K1905, WN*Burgstall (West)","L1114/L1124, WN*Frühmeßhof;beim",1783,101
70221208,TM,K,1906,9.381761,48.92338899999999,"L1114/K1906, WN*Burgstall (Ost)","K 1846/K 1906, WN*Erbstetten (West)",4703,167
70221210,TM,L,1080,9.461253999999998,48.91953400000004,"L1080/K1907, WN*Unterweissach;bei, Kreisverkehr","L1080/K1841, WN*Allmersbach i.T.;bei",10728,335
70221215,TM,L,1080,9.444529000000095,48.930657000011045,"B14/L1080, WN*Backnang, \""Spritnase\""","L1080/K1907, WN*Unterweissach;bei, Kreisverkehr",7928,411
70221402,TM,K,1826,9.497638000000004,48.93892999999998,"K1826/K1907, WN*Unterbrüden","K1826/K1897, WN*Steinbach;bei",5606,173
70221415,TM,K,1846,9.400284000000084,48.91385100001108,"K1845/K1846, WN*Nellmersbach","K 1846/K 1906, WN*Erbstetten (West)",3262,25
71191075,MZ,A,8,8.940249000000001,48.801275,AS Rutesheim (47),AS Leonberg-West (48),97422,15119
71191200,TM,K,1688,8.96775688636991,48.868889306490736,L 1177/K 1688 bei Heimerdingen,B 10 /K 1688 Enzweihingen,2685,55
71191216,TM,L,1177,8.950302000000004,48.847101,L1177/OD Weissach,L 1177/K 1688 bei Heimerdingen,3664,114
71191218,TM,L,1180,8.913323000000002,48.81383199999996,"L 1180/L 1179/K 1013 Perouse, Kreisverkehr",L 1180/K 1082 bei der AS Rutesheim,9818,515
71191220,TM,K,1082,8.965314000000001,48.80525500000002,"K 1059/K 1082 bei Rutesheim, Kreisverkehr",B 295/K 1082 Leonberg,10263,246
71191222,TM,K,1694,8.95351844230658,48.896605133956086,L1135/K1694 Nussdorf,K1688/K1694 Riet,2639,123
71191223,TM,K,1059,8.966201999999996,48.812772,"K 1059/K 1082 bei Rutesheim, Kreisverkehr",K1011/K1059 Gebersheim,4356,118
71191228,TM,L,1135,8.93422397766391,48.89426225050561,L1135/K4578 Ipfingen,L 1125/L 1135 bei Aurich,2541,82
71191400,TM,K,1651,8.954753333333318,48.882710000011,K1651/K1688 Eberdingen,L 1135/K 1651 Nussdorf,2574,126
71201003,DZ,A,81,9.098581,48.83739799999999,AS Stuttgart-Zuffenhausen (17),AS Stuttgart-Feuerbach (18),115690,11727
71201002,MZ,A,81,9.078693000000024,48.822934000010925,AS Stuttgart-Feuerbach (18),AD Leonberg (A 8),119686,11869
71201090,MZ,A,81,9.135265999999998,48.871062,AS Ludwigsburg-Süd (16),AS Stuttgart-Zuffenhausen (17),122563,14135
71201100,DZ,B,10,9.129233000000028,48.846296000010966,B 10 AS Münchingen-Müllerheim,"B10/B27, S*Stgt.-Zuffenhausen, (Gabelung)",67537,4726
71201101,TM,B,10,9.073789000000016,48.88105700001104,B 10/L 1138 bei Hardt- und Schönbühlhof,B 10 AS Münchingen-Müllerheim,21534,2170
71201103,TM,L,1137,9.032098,48.80900099999995,B 295/L1136 bei Leonberg,B 295/K 1010 bei Leonberg,9542,196
71201105,MZ,L,1137,9.072936999999998,48.82310499999996,L 1141/K 1704 Ditzingen,AS Stuttgart-Feuerbach A81/B295 (018),32657,1024
71201106,MZ,B,295,9.088857999999997,48.821027000000015,AS Stuttgart-Feuerbach A81/B295 (018),"B295, S*Stgt.-Weilimdorf Nord/Hausen",27784,1630
71201200,TM,K,1693,9.128785787582087,48.8949879186612,"K1660/K1661/K1693 Möglingen, Kreisverkehr","L 1138/K 1693 Asperg, Kreisverkehr",6700,94
71201201,TM,L,1136,9.031048351613045,48.83973685597984,B 295/L1136 bei Leonberg,L1136/L1140 Hemmingen,7957,451
71201202,TM,L,1136,9.008369549120433,48.89281434753251,L 1136/K 1687 Hochdorf,B 10/L 1136 bei Hardt- und Schönbühlhof,7000,297
71201203,MZ,L,1140,9.142974999999996,48.88630500000004,B10/L1140 Schwieberdingen,L 1140/L 1143 Ludwigsburg,32281,1868
71201204,TM,L,1140,9.047063327157549,48.87011834874616,L1177/L1140 Heimerdingen,B10/L1140 bei Schwieberdingen,6962,505
71201205,TM,L,1141,9.096075858240711,48.88322824462497,B 10/L 1141 bei Münchingen,"L1141/K1705 bei Markgröningen, Kreisverkehr",14251,897
71201206,TM,L,1141,9.095719879540464,48.86325990679855,L  1141/K 1704 bei Münchingen,B 10/L 1141 bei Münchingen,11937,589
71201207,TM,K,1704,9.08296061760841,48.84495632152531,L 1141/K 1704 Ditzingen,L  1141/K 1704 bei Münchingen,7355,150
71201208,TM,L,1141,9.069420000000004,48.81116899999998,L 1141/L 2255/K 1657 Gerlingen,L 1141/K 1704 Ditzingen,10416,268
71201210,TM,K,1690,9.069276666666688,48.85673166667767,L1140/K1690 Hemmingen,L 1141/K 1690 bei Münchingen,5207,188
71201211,TM,L,1177,9.049116000000009,48.831561,L1136/L1177 bei Hirschlanden,L1177/K1689 Ditzingen,11606,549
71201212,TM,K,1689,9.05369203148116,48.82174572976166,L1177/K1689 Ditzingen,"K 1059/K 1689 Kreisgrenze bei Ditzingen, LK BB/LK LB",6009,127
71201213,TM,L,1136,9.006156938064386,48.88435400385492,L 1136/L 1140 Hemmingen,L 1136/K 1687 Hochdorf,4262,174
71201216,MZ,K,1693,9.127055000000006,48.88729100000005,"K1662/K1693 bei Möglingen, Kreisverkehr","K1660/K1661/K1693 Möglingen, Kreisverkehr",12832,599
71201218,TM,L,1141,9.061531,48.80082799999997,"L 1141/L 1180/ K 1659 Gerlingen, Kreisverhehr",L 1141/K 1704 Ditzingen,14240,301
71201222,TM,L,1143,9.126574,48.82831799999997,AS Stuttgart-Feuerbach A81/B295 (018),L 1143 bei Korntal,12953,484
71201223,TM,L,1143,9.137066999999998,48.831476,L 1143 bei Korntal,"B10/L1143, S*Stgt.-Neuwirtshaus (Anschlußstelle)",21534,701
71201226,TM,L,1136,9.031520000000006,48.86494200001095,L1136/K1656 Schöckingen,L 1136/K 1687 Hochdorf,12610,382
71201227,DZ,L,1177,9.010702000000006,48.84128099999999,L 1177/K 1688 bei Heimerdingen,"L 1136/L 1177 bei Hirschlanden, Kreisverkehr",4254,518
71201228,TM,L,1110,9.132879000000004,48.881398000000026,"B 27A/L 1110 bei Stgt.-Stammheim, SK Stuttgart/LK LB",L 1110/L 1140 bei Möglingen,12198,1533
71201229,TM,L,1141,9.091821000000005,48.83899899999997,"L1141/L1143, S*Stgt.-Weilimdorf,Hemminger Str.",L  1141/K 1704 bei Münchingen,9316,342
71201230,TM,L,2255,9.068917000000006,48.801146999999965,L 1141/L 2255/K 1657 Gerlingen,"B295/L2255, S*Stgt.-Weilimdorf,Solitudestr. (Anschlußstelle)",6003,77
71201400,TM,K,1654,9.017381322767717,48.86535055438603,"K1653/K1654 bei Heimerdingen, Kreisverkehr",L1140/K11654 Hemmingen,2547,63
71201401,TM,K,1652,9.036257666666678,48.88951166667771,B10/K1652 Hardt und Schönbühlhof,B10/K1652 Hardt und Schönbühlhof,756,64
71201402,TM,K,1660,9.099139666666693,48.89656333334431,L 1138/L 1141/K 1660 Markgröningen,"K1660/K1661/K1693 Möglingen, Kreisverkehr",6146,206
71201403,TM,K,1657,9.043122,48.804394,B 295/K 1010 bei Leonberg,L 1141/L 2255/K 1657 Gerlingen,4349,101
71201404,TM,K,1705,9.102743000000004,48.901318000000025,"L1141/K1705 bei Markgröningen, Kreisverkehr","K1660/K1705 bei Markgröningen, Kreisverkehr",7606,275
71211100,MZ,L,1193,9.295223999999996,48.82017200000002,"L1193/L1197, WN*Fellbach,Esslinger Str.",L 1193 Anschluss Emil-Münz-Straße/Eisentalstraße,30047,1178
71211108,MZ,B,10,9.171166000000005,48.825163,"B10/B27, S*Stgt.-Zuffenhausen, (Gabelung)","B 10 S*Stgt.-Zuffenhausen, \""Friedrichswahl\"" (Anschlußstelle)",45764,2476
71211109,MZ,B,27,9.177408999999995,48.842959,"B10/B27, S*Stgt.-Zuffenhausen, (Gabelung)",B 27/K 1692 Ludwigsburg,50131,2847
71211110,MZ,B,27,9.180945,48.845528,B 27 Anschluss Kornwestheim-Süd,"B27/B27 Seitenarm, S*S.-Zuffenh.,Ludwigsburg.Str. (Anschluß)",9736,263
71211111,DZ,B,14,9.287926999999998,48.80303399999998,"B10/B14 S*Stgt.-Wangen, \""Wangener Dreieck\"" (Gabelung)","B14/L1193, WN*Waibl., \""Waiblingen-Süd\"" (Gabelung u. AS)",68639,3824
71211112,MZ,B,27,9.175702999999997,48.84617500000001,"B27/B27 Seitenarm, S*S.-Zuffenh.,Ludwigsburg.Str. (Anschluß)","B 27A/L 1110 bei Stgt.-Stammheim, SK Stuttgart/LK LB",11422,1823
71211201,TM,L,1140,9.248915377915315,48.88486526258645,L 1140/L 1143 Ludwigsburg,L 1100/L 1140 bei Neckargröningen,21780,1203
71211203,TM,L,1143,9.18601855212844,48.871000683291136,L 1143/K 1691 Kornwestheim,L 1140/L 1143 Ludwigsburg,6229,111
71211204,TM,L,1144,9.211986067584004,48.86667864758554,B 27/L 1144/K 1691 Anschluss Kornwestheim-Nord,L 1100/L 1144 bei Aldingen,15642,693
71211205,MZ,L,1100,9.267332000000009,48.88807700000002,L 1100/L 1140 Remseck-Neckargröningen,L 1100/K 1667 bei Hochberg,15826,966
71211206,TM,K,1910,9.24761200000006,48.82313300001094,"K 9515/ K1910 Kreisgrenze b. Stgt.-Sommerrain, SK S/R-M-K","K1910 getr.verl.FB, WN*Schmiden,Jacobstr.",9986,297
71211207,TM,L,1197,9.264930000000057,48.85488600001094,"L1197/K1854, WN*Oeffingen;bei, \""Tennhofkreuzung\""",L 1140/L 1142/L 1197 Remseck,9437,559
71211208,TM,L,1140,9.342151000000005,48.874337000000025,L 1100/L 1140 Remseck-Neckargröningen,"L1140/K1850, WN*Schwaikheim",9385,291
71211209,TM,K,1909,9.319207999999998,48.874953000000005,"L1140/K1909, WN*Hohenacker;bei, \""Bittenfelder Kreuzung\""","K 1673/K 1909 Kreisgrenze bei Hochdorf, LK LB/Rem-Murr-Kreis",7083,250
71211210,TM,K,1909,9.316207,48.844189000000014,"L1142/K1909, WN*Waiblingen,Neustädter Str.","L1140/K1909, WN*Hohenacker;bei, \""Bittenfelder Kreuzung\""",11554,512
71211211,DZ,L,1142,9.303207999999993,48.84516,L 1140/L 1142/L 1197 Remseck,"L1142/K1909, WN*Waiblingen,Neustädter Str.",17629,992
71211212,TM,K,1910,9.284132999999994,48.83563699999996,"K1910 getr.verl.FB, WN*Schmiden,Butterstr.","L1142/K1910, WN*Waiblingen;bei, \""Hegnacher Höhe\"" (Anschluß)",8128,131
71211213,TM,L,1193,9.339312000000003,48.81747799999996,"L1193/L1193 Seitenarm, WN*Waiblingen, \""Eisental\"" (Anschluß)",L 1193/L 1199/K 1866 bei Endersbach,11230,298
71211214,TM,L,1198,9.306536000000069,48.806108000010894,"L1197/L1198, WN*Fellbach;bei","L 1198/K 1856, WN*Rommelshausen",10298,273
71211215,TM,L,1198,9.266085000000006,48.79789800000004,"L 1198/K 9514, S*Stgt.-Untertürkh.,Augsburger-/Dietbachstr.","L1197/L1198, WN*Fellbach;bei",8832,204
71211228,TM,L,1198,9.316345000000071,48.808333000010926,"B14/L1198, WN*Fellbach, \""Fellbach-Ost\"" (Anschlußstelle)","L 1198/K 1857, WN*Rommelshausen;bei",9264,302
71211229,TM,L,1143,9.156158,48.84810400000004,"B10/L1143, S*Stgt.-Neuwirtshaus (Anschlußstelle)",L 1143/K 1691 Kornwestheim,7051,256
71211230,TM,L,1143,9.18604900000004,48.866891000011,L 1143/K 1691 Kornwestheim,L 1140/L 1143 Ludwigsburg,11326,410
71211231,MZ,K,1691,9.193822000000043,48.86648900001095,L 1143/K 1691 Kornwestheim,B 27/L 1144/K 1691 Anschluss Kornwestheim-Nord,10288,434
71211232,TM,L,1100,9.267779000000004,48.87274700000002,"L1100/K9514, S*Stgt.-Münster",L 1100/L 1140 Remseck-Neckargröningen,19076,840
71211233,TM,L,1100,9.263623000000006,48.89716300000001,L 1100/K 1667 bei Hochberg,L 1100/K 1695 Lbg.-Poppenweiler,13688,681
71211236,TM,K,1692,9.229586100552629,48.87495367740118,B 27/K 1692 Ludwigsburg,L 1144/K 1692 Aldingen,8718,228
71211237,TM,L,1197,9.26193100000005,48.84774200001092,"L 1193/L 1197, WN*Fellbach,Höhenstr.","L1197/K1854, WN*Oeffingen;bei, \""Tennhofkreuzung\""",9415,511
71211400,TM,K,1668,9.2824661843514,48.88913954563044,K 1667/K 1668 Remseck-Hochberg,K 1668/K 1669/K 1673 Remseck-Hochdorf,4337,186
71211401,TM,K,1666,9.252976666666726,48.884551666677694,L 1140/K 1666 bei Ludwigsburg-Oßweil,L 1100/K 1666 bei Hochberg,7499,331
71211402,TM,K,1854,9.28856300000006,48.85122100001096,"L1197/K1854, WN*Oeffingen;bei, \""Tennhofkreuzung\""","L 1142/K 1854, WN*Hegnach",3973,86
71211403,TM,K,1849,9.359000000000076,48.89292200001105,"K1849/K1909, WN*Bittenfeld",L1127/K1849 bei Leutenbach,5092,139
71211405,MZ,K,1856,9.317904000000071,48.80943900001088,"L 1198/K 1856, WN*Rommelshausen","L1193/K1856, WN*Waiblingen,Schurwaldstr.",8047,316
71211406,TM,K,1911,9.331690999999996,48.83967100000001,"L1142/K1859/K1911, WN*Waiblingen, \""Hallenbadkreuzung\""","B14/K1858, WN*Korb, \""Korb\"" (Anschlußstelle)",9335,188
71211407,TM,K,1859,9.325067,48.83048399999996,"L1142/K1859/K1911, WN*Waiblingen, \""Hallenbadkreuzung\""","B14/K1859 Seitenarm, WN*Waibl.;bei, \""Waiblingen-Mitte\"" (AS)",14842,410
71221100,TM,K,1911,9.360761,48.857549,"K1858/K1911, WN*Waiblingen;bei, \""Korber Höhe\""","B14/K1911, WN*Winnenden;bei",6211,148
71221102,MZ,B,29,9.360871,48.81525299999998,"B14/B29, WN*Waiblingen;bei (Gabelung)","B 29/K 1866, WN*Remshalden, AS Remshalden-West",64908,2477
71221105,MZ,B,14,9.33906900000007,48.834660000010885,"B14/B14 getr.verl.FB, WN*Waiblingen;bei","B14/K1858, WN*Korb, \""Korb\"" (Anschlußstelle)",68261,2083
71221106,DZ,B,14,9.352031000000071,48.853585000010966,"B14/K1858, WN*Korb, \""Korb\"" (Anschlußstelle)","B14, WN*Winnenden;bei, \""Winnenden-Süd\"" (Gabelung)",56797,2218
71221107,DZ,B,29,9.446859000000002,48.80748100000004,"B 29/K 1866, WN*Remshalden, AS Remshalden-West","B29/L1150, WN*Winterbach;bei, \""Winterbach\"" (AS)",53624,2565
71221201,TM,L,1140,9.462751000000006,48.82259200000002,"L1140/K1915, WN*Erlenhof, Kreisverkehr","L1140/L 1150/K1866, WN*Winterbach;bei",2298,85
71221202,TM,K,1915,9.460772000000102,48.85689900001095,"L1140/K1915, WN*Erlenhof, Kreisverkehr","L1120/K1914/K1915, WN*Stöckenhof",4980,178
71221203,TM,L,1198,9.335234000000003,48.808193,"L 1198/K 1856, WN*Rommelshausen","L 1198/L 1199 WN* bei Endersbach \""Landhauskreuzung\""",7066,169
71221204,TM,K,1866,9.377447999999996,48.813300000000034,L 1193/L 1199/K 1866 bei Endersbach,"K1866 Seitenarm, WN*Remshalden, AS Remsh.-West (Quersp.)",13747,198
71221205,TM,K,1912,9.376586000000083,48.824934000010906,"K 1866/K 1912, WN*Großheppach","K1858/K1912, WN*Korb,Waiblinger-/Winnender Str.",5291,187
71221206,TM,K,1912,9.356613,48.84856800000004,"K1912/K1912 Seitenarm, WN*Korb,Winnender-/Seestr.","K1911/K1912, WN*Korb;bei",3951,93
71221207,TM,L,1140,9.379344000000003,48.88062899999996,"L1140/K1850, WN*Schwaikheim","L1127/L1140, WN*Winnenden (West)",3980,128
71221208,TM,K,1913,9.406561999999996,48.85657,"K 1866/K 1913, WN*Grunbach","L1140/K1913, WN*Winnenden (Süd)",2508,63
71221209,TM,L,1140,9.440065000000002,48.85533000000004,"L1140/K1914, WN*Winnenden-Burkhardshof;beim","L1140/K1915, WN*Erlenhof, Kreisverkehr",9751,265
71221210,TM,K,1914,9.432672000000002,48.87597600000002,"L1140/K1914, WN*Winnenden-Burkhardshof;beim","L1120/K1914/K1915, WN*Stöckenhof",2137,52
71221211,TM,L,1120,9.436891,48.89295200000005,"B14/L1120, WN*Hertmannsweiler (West)","L1120/K1914/K1915, WN*Stöckenhof",4514,80
71221217,TM,K,1912,9.369619000000004,48.83420499999998,"K 1866/K 1912, WN*Großheppach","K1911/K1912, WN*Korb;bei",6144,211
71221218,TM,L,1150,9.478958,48.80462600000003,"L1150/K1865, WN*Manolzweiler;bei, \""Goldboden\""","L1140/L 1150/K1866, WN*Winterbach;bei",17563,582
71221220,TM,L,1201,9.352042000000004,48.801885000000034,L 1201/K 1212 Schanbach,L 1199/L 1201 WN* bei Endersbach,7461,210
71221221,TM,L,1140,9.389578999999996,48.87502200000001,"L1127/L1140, WN*Winnenden (West)","B14/K1911, WN*Winnenden;bei",13101,539
71221222,TM,L,1140,9.39957300000009,48.86554300001096,"B14/L1140, WN*Winnenden (Südwest), \""Schelmenholzkreuzung\""","L1140/K1914, WN*Winnenden-Burkhardshof;beim",11702,335
71221223,TM,L,1199,9.346958000000004,48.80971700000003,L 1199/L 1201 WN* bei Endersbach,L 1193/L 1199/K 1866 bei Endersbach,13866,351
71221224,TM,L,1127,9.37214500000008,48.888234000011,"L1127/K1848, WN*Gollenhof;beim","L1127/L1140, WN*Winnenden (West)",16556,610
71221400,TM,K,1857,9.336539000000004,48.79904600000001,"L 1199/K 1857 Stetten (Nord), Kreisverkehr","L 1198/K 1857, WN*Rommelshausen;bei",6977,299
71221403,TM,K,1866,9.465495999999996,48.80880899999996,"K 1866/K 1913, WN*Grunbach","L1140/L 1150/K1866, WN*Winterbach;bei",4263,94
71221405,TM,K,1850,9.360527000000072,48.86218100001096,K1911/K1850 Auffahrt Winnenden,"L1140/K1850, WN*Schwaikheim",12091,223
71221406,TM,K,1847,9.415763000000087,48.886343000011,"L1114/K1847, WN*Weiler z.St. (Mitte)","B14/L1120, WN*Hertmannsweiler (West)",6108,184
71221412,TM,K,1872,9.483703000000006,48.84570300000003,"L1140/K1872, WN*Steinach (Nord)","K1872/K1916, WN*Birkenweißbuch (Ost)",3641,97
71221415,TM,K,1862,9.380000999999996,48.80710999999999,"K1862/K1864, WN*Beutelsbach","K 1862/ K 1866 Beutelsbach, Kreisverkehr",15143,337
71221419,TM,K,1850,9.35640800000008,48.88509400001105,L 1140/,"L1114/L1127/K1849/K1850, WN*Weiler z.St.;bei",5229,145
71221432,TM,K,1916,9.481808,48.85418099999999,"K1874/K1916, WN*Birkenweißbuch;östlich","K1915/K1916, WN*Oppelsbohm",1263,33
72191104,TM,B,295,8.974052999999993,48.782031,B295 - AS Naturtheater,B295/K1011 - bei AS Leonberg - West,37336,2785
72191208,TM,L,1183,8.959721999999994,48.70015999999996,L 1182/L 1183/K 1073 Sindelfingen-Darmsheim,L 1183/K 1055 (Seitenarm) bei der AS-Sindelfingen-Ost,13006,394
72191210,TM,K,1060,8.920721000000004,48.777558000000006,"K 1013/ K 1060 bei Renningen, Kreisverkehr","LED Kreisverkehr, Schnallenecker",6498,334
72191214,TM,L,1185,8.963578,48.72998600000004,L 1189/L 1185 AS Magstadt-Süd; Kreisverkehr,"L 1185/K 1004/K 1064 Sindelfingen-Maichingen, Kreisverkehr",4702,92
72191216,TM,L,1185,8.973234000000007,48.71480099999996,"L 1185/K 1004/K 1064 Sindelfingen-Maichingen, Kreisverkehr",L 1183/L 1185 Sindelfingen,9446,118
72191221,TM,K,1065,8.992994999999997,48.73302399999996,L 1185/K 1065 Sindelfingen-Maichingen,L 1189/K 1065 bei Sindelfingen,6360,230
72191400,TM,K,1016,8.902657999999997,48.79241499999996,K 1014/K 1016 Renningen-Malmsheim,K 4567/K 1016 Kreisgrenze bei Renningen-Malmsheim,2273,84
72191402,TM,K,1007,8.912511000000004,48.74755000000002,K 1007/K 1006 bei Weil der Stadt,B 295/K 1007 bei Weil der Stadt,5149,101
72191406,TM,K,1013,8.912447999999998,48.79640100000002,Kreisverkehr K1060 Renningen,Perouse,7104,398
72201004,MZ,A,831,9.093828999999998,48.73557699999994,AN A831/B14 S*Stgt.-Vaihingen Übergang zur B 14,AS Stgt.-Vaihingen (West) A 831/L 1205 (1),52621,3558
72201005,MZ,K,1057,9.030181,48.69568700000002,AS Böblingen-Ost (22),AN (K 1055),22883,630
72201006,MZ,A,81,9.031825,48.702632000010766,AS Böblingen-Ost (22),AS Böblingen/Sindelfingen (23),78484,10253
72201007,MZ,A,81,9.042685,48.70378,AS Sindelfingen-Ost (21),AS Böblingen-Ost (22),105570,10065
72201011,DZ,A,81,9.053993000000004,48.71491400000004,AK Stuttgart (A 831),AS Sindelfingen-Ost (21),115200,9076
72201071,MZ,A,8,9.151341999999996,48.70821000000003,AS Stuttgart-Möhringen (52a),AS Stuttgart-Degerloch (52b),154508,17592
72201072,MZ,A,8,9.104943000000006,48.71103199999995,AK Stuttgart (A 81/A 831),AS Stuttgart-Möhringen (52a),143416,16824
72201073,DZ,A,8,9.040221999999998,48.73637600000004,AS Leonberg-Ost (50),AK Stuttgart (A 81/A 831),157089,20048
72201102,MZ,A,831,9.079451,48.72922699999996,AS Stuttgart-Vaihingen (1),AK Stuttgart (A 8/ A 81),64212,1520
72201103,DZ,B,27,9.163986,48.72259299999998,B 27/L 1208 Echterdingen,"B27, S*Stgt.-Degerloch;bei, \""Sigmaringer Str.\"" (AS)",56132,1014
72201105,MZ,K,1012,9.012081999999992,48.79698599999995,B 295/K 1011 bei Leonberg,B 295/L1136 bei Leonberg,13277,173
72201200,TM,L,1141,9.063058000000016,48.790564000010846,"L 1141/L 1180/ K 1659 Gerlingen, Kreisverhehr",L 1141/L 2255/K 1657 Gerlingen,7557,350
72201201,TM,L,1180,9.059072000000006,48.78737899999997,B 295/L 1180 Leonberg,"L1187/K9503, S*Stuttgart,Wildparkstr., \""Solitude\"" (AS)",9326,302
72201202,TM,L,1141,9.036379999999994,48.79081399999996,B 295/L 1141 Leonberg,"L 1141/L 1180 bei Leonberg-Ramtel, Kreisverkehr",8702,85
72201203,DZ,L,1180,9.10419000000002,48.77115300001082,"L1187/K9503, S*Stuttgart,Wildparkstr., \""Solitude\"" (AS)","L1180/L1187, S*Stuttgart,Wildpark-/Rotenwaldstr. (Gabelung)",26331,633
72201204,MZ,B,14,9.115575999999995,48.752450999999965,AN A831/B14 S*Stgt.-Vaihingen Übergang zur B 14,B 14/ L 1187 bei Vaihingen,53054,1147
72201207,TM,L,1187,9.035830999999996,48.77120200000001,L 1187/K 1011 bei Leonberg,L 1187/L 1188 bei Leonberg (Glemseck),8968,411
72201208,TM,L,1187,9.100887999999998,48.75574399999999,"L1187/L1189, S*Stgt.-Büsnau;bei, \""Schattengrund\""","B 14/L 1187, S*Stgt.-Vaihingen \""Schattenring\""",12458,338
72201209,MZ,L,1187,9.116330000000024,48.76301900001084,B 14/ L 1187 bei Vaihingen,"L1015/L1187, S*Stgt.,Rotenwald-/Geißeichstr., \""Birkenkopf\""",51483,1036
72201211,TM,L,1188,9.021143999999996,48.73658899999998,L 1183/L 1185/L 1188 Sindelfingen,"L 1188/L 1189 bei Sindelfingen, Kreisverkehr",7302,271
72201212,TM,L,1188,9.038368999999998,48.75575800000003,"L 1188/L 1189 bei Sindelfingen, Kreisverkehr",L 1187/L 1188 bei Leonberg (Glemseck),5454,343
72201214,TM,L,1189,9.084877000000004,48.75352700000004,L 1188/L 1189 bei Sindelfingen,"L1187/L1189, S*Stgt.-Büsnau;bei, \""Schattengrund\""",7313,168
72201215,MZ,B,14,9.127933000000004,48.75841100000002,"B 14 Schattenring, Anfang getr. verlauf. Fahrbahn","B 14/L 1192, S*Stgt.-Heslach (West)",27767,794
72201218,TM,L,1192,9.116380999999995,48.701912000000014,"L1192/L1205, S*Stgt.-Vaihingen (Mitte)",L 1192/K 1227 Musberg,6452,234
72201219,MZ,L,1015,9.13645500000003,48.76503200001088,"L1015/L1187, S*Stgt.,Rotenwald-/Geißeichstr., \""Birkenkopf\""","B27A/L1015, S*Stuttgart (Mitte), Rotebühl-/Paulinenstr.",24437,315
72201220,MZ,L,1187,9.134286000000031,48.76587000001089,"L1015/L1187, S*Stgt.,Rotenwald-/Geißeichstr., \""Birkenkopf\""","B 10/B 295/L 1187 Pragsattel, Anfang Tunnel (Nordostseite)",23147,570
72201401,TM,K,1055,9.066309999999996,48.72049800000002,"L 1185/K 1055 Böblingen, Kreisverkehr ",Kreisgrenze bei Stgt.-Vaihingen,3895,91
72201402,TM,L,1141,9.020490999999998,48.77836399999996,L 1187/K 1011 bei Leonberg,B 295/K 1011 bei Leonberg,14404,367
72211102,DZ,B,10,9.261427000000005,48.75407999999996,"B10/B14/L1193, S*Stgt.-Berg, \""Schwanenplatz\""",B 10/L 1192 AS Oberesslingen/Berkheim,72384,4382
72211202,TM,L,1200,9.240872000000008,48.73473700000002,"L1016/L1200/K9511, S*Stgt.-Degerloch;bei, \""Ruhbank\""",L 1200/K 1269 Ruit,10158,217
72211204,TM,L,1200,9.283382000000069,48.719168000010754,L 1200/K 1269 Ruit,L 1192/L 1200 Nellingen,5258,123
72211206,TM,L,1200,9.30798,48.703279,L 1192/L 1200 Nellingen,L 1200/L 1204 Denkendorf,13400,383
72211207,TM,L,1192,9.295755,48.70342900000002,L 1202/L 1204 Neuhausen,L 1192/K 1216 Berkheim,26514,822
72211209,TM,K,1269,9.25798900000006,48.72056200001082,L 1192/K 1269 Scharnhausen,L 1200/K 1269 Ruit,4916,136
72211211,TM,L,1205,9.193895,48.71730100000001,"L 1192/L 1205, S*Stgt.-Vaihingen (Ost)","L 1205/K 9516, Stgt.-Plieningen (West)",6772,251
72211212,TM,L,1199,9.332514000000067,48.78239900001091,L 1150 Esslingen/Maille,"L 1199/K 1857 Stetten (Nord), Kreisverkehr",4951,162
72211213,TM,L,1016,9.196105999999997,48.75206200000003,B 312/ L 1205 bei AS Stuttgart-Plieningen,"L1014/L1016, S*Stgt.-Gablenberg",6953,267
72211214,TM,L,1198,9.242728999999995,48.75462599999997,"L1198/L1200, S*Stgt.-Heumaden","L 1198/K 9509, S*Stgt.-Hedelfingen, Kreisverkehr",12920,454
72211215,TM,L,1198,9.25141,48.79260099999996,"L 1198/K 9509, S*Stgt.-Hedelfingen, Kreisverkehr","L1197/L1198, WN*Fellbach;bei",4851,54
72211402,TM,K,1218,9.236252999999996,48.73230800000002,K 1217/K 1218 Kemnat,L 1200/K 1218 bei Heumaden,6548,201
72211404,MZ,L,1192,9.310066999999998,48.72208200000001,L 1192/K 1216 Berkheim,L 1150/L 1192 Oberesslingen,14301,726
72221100,DZ,B,10,9.36361000000008,48.71573000001075,B 10/L 1192 AS Oberesslingen/Berkheim,"B 10/B 313 \""Plochinger Dreieck\""",66189,3989
72221101,TM,L,1192,9.429334,48.70464800000001,L 1192/L 1250 Plochingen,L 1192/L 1201 Querspange Reichenbach,9887,310
72221102,TM,L,1192,9.462090000000003,48.709169,L 1192/L 1201 Querspange Reichenbach,B 10/L 1192 Abfahrt Ebersbach a. d. Fils,11234,274
72221103,MZ,B,10,9.451153000000094,48.7041630000108,B 10/K 1211 AS Plochingen/Hafen,B 10 AS. Nassachtal,44361,3527
72221104,TM,L,1192,9.451020999999995,48.70680099999997,L 1192/L 1201 Querspange Reichenbach,"L 1192/K 1208 Reichenbach/Fils, Kreisverkehr",16023,412
72221201,TM,L,1150,9.35642200000008,48.7360950000108,B 10 AS. Esslingen/Mitte,"L 1150/L 1201 \""Weißer Stein\""",8041,312
72221202,TM,L,1150,9.454901281537976,48.76692586120268,"L 1150/L 1201 \""Weißer Stein\""","L1150/K1865, WN*Manolzweiler;bei, \""Goldboden\""",5051,138
72221203,TM,L,1151,9.463954000000106,48.71931800001079,L 1151/L 1192 Reichenbach an der Fils,L 1151 Kreisgr. Esslingen/Rems-Murr-Kreis,5051,187
72221204,TM,L,1192,9.366798000000005,48.724638,L 1150/L 1192 Oberesslingen,"L 1192/L 1201 Plochingen \""Waldhorn\""",5812,88
72221205,TM,L,1192,9.415399000000004,48.70981000000003,L 1192/ L 1204 Altbach,L 1192/L 1250 Plochingen,13551,268
72221206,TM,L,1201,9.417571000000082,48.70977100001075,"L 1192/L 1201 Plochingen \""Waldhorn\""","L 1150/L 1201 \""Weißer Stein\""",15316,250
72221207,TM,L,1201,9.413199999999998,48.73355700000001,"L 1192/L 1201 Plochingen \""Waldhorn\""","L 1150/L 1201 \""Weißer Stein\""",6850,222
72221208,TM,L,1201,9.384413999999996,48.75286900000002,"L 1150/L 1201 \""Weißer Stein\""",L 1201/K 1212 Schanbach,9332,207
72221209,TM,L,1204,9.34904300000008,48.7040730000108,L 1200/L 1204 Denkendorf,L 1204/ K 1215 Körschtal,9844,297
72221210,TM,L,1204,9.368738000000002,48.71540000000002,L 1204/ K 1215 Körschtal,L 1192/ L 1204 Altbach,11826,938
72221211,TM,L,1199,9.342536000000004,48.799275000000016,"L 1199/K 1857 Stetten (Nord), Kreisverkehr",L 1199/L 1201 WN* bei Endersbach,8492,152
72221213,TM,L,1150,9.461154999999998,48.785483999999954,"L1150/K1865, WN*Manolzweiler;bei, \""Goldboden\""","L1150 KVP, Abzweig Seitenarm, WN*Winterbach (Querspange)",5634,164
72221214,MZ,L,1150,9.479325000000102,48.798421000010855,"L1150/K1865, WN*Manolzweiler;bei, \""Goldboden\""","L1150 KVP, Abzweig Seitenarm, WN*Winterbach (Querspange)",12768,384
72221215,MZ,L,1199,9.339633,48.790733,"L1199, ES/WN*Kreisgrenze bei Wäldenbronn","L 1199/K 1857 Stetten (Nord), Kreisverkehr",11229,419
72221216,TM,L,1250,9.415624000000005,48.70129500000002,L 1207/L 1250/K 1266 Wernau,L 1192/L 1250 Plochingen,11575,348
72221400,TM,K,1215,9.349605,48.71607599999997,L1192/K1215/B10 AS Oberesslingen/Berkheim Südseite,L 1204/ K 1215 Körschtal,8426,268
72221406,TM,K,1208,9.449180000000108,48.734952000010814,"L 1192/K 1208 Reichenbach/Fils, Kreisverkehr",L 1150/K 1208 Baltmannsweiler,4739,106
72221410,TM,K,1862,9.412039,48.78113200000002,L 1150/K 1210 Baltmannsweiler,"K1862/K1864, WN*Beutelsbach",409,9
72221411,TM,K,1864,9.391648999999996,48.78942999999998,Kreisgrenze/K 1212 Schanbach,"K1862/K1864, WN*Beutelsbach",3460,85
72221412,TM,K,1213,9.372387000000074,48.74254800001081,K 1213/K 1214 Essl./Jägerhaus,"K 1213/K 1267 bei \""Rotes Kreuz\""",2974,78
72231105,TM,L,1192,9.486459999999992,48.71065199999997,L 1192/K 1206 Reichenbach an der Fils,L1192/K 1413 Ebersbach Mitte,6005,195
72231200,TM,L,1151,9.495968999999995,48.768227000000046,L 1151 Kreisgr. Esslingen/Rems-Murr-Kreis,"L1147/L1151/K1881, WN*Schorndorf, Kreisverkehr",4986,164
73191001,MZ,A,81,8.988022,48.690321000010776,AS Böblingen/Sindelfingen (23),AS Böblingen-Hulb (24),71436,8772
73191002,MZ,A,81,8.963405000000002,48.67076900000004,AS Böblingen/Hulb A 81/B 464,AS Ehningen A 81/K 1077,86309,8764
73191003,MZ,A,81,8.946009000000002,48.64846599999999,AS Ehningen (25),AS Hildrizhausen (26),89920,11828
73191004,MZ,A,81,8.942219999999997,48.64690500000004,AS Hildrizhausen (26),AS Gärtringen (27),82595,9644
73191011,MZ,A,81,8.913134999999999,48.62571700000002,AS Gärtringen (27),AS Herrenberg (28),64891,7017
73191100,TM,K,1077,8.956359,48.66328399999998,"K 1077 bei Deckenpfronn (Seitenarm zur B 14), Kreisverkehr",L 1185/K 1077 Böblingen,5897,329
73191103,TM,B,464,8.966467000000005,48.69697799999999,B 464/L 1183 bei Sindelfingen,AS Böblingen/Hulb A 81/B 464 (24),37948,2467
73191104,TM,B,14,8.901993000000004,48.63072100000005,B 14/K 1068 bei Nufringen,B 14/K 1079 Gärtringen,19781,991
73191105,MZ,B,14,8.908850999999977,48.63563300001064,B 14/K 1079 Gärtringen,B 14/K 1077 bei Gärtringen,28532,1281
73191113,MZ,B,464,8.970162999999989,48.68216100001072,AS Böblingen/Hulb A 81/B 464 (24),B 464/K 1077 bei Böblingen-Hulb,31014,1389
73191201,TM,L,1184,8.906985999999998,48.602689,B 28/L 1184 Herrenberg,L 1184/K 1045 bei Hildrizhausen,3353,68
73191400,TM,K,1000,8.943016999999994,48.644467000000006,L 1184/K 1000 Hildrizhausen,K 1000/K 1001 Ehningen,4941,185
73191412,TM,K,1001,8.939742999999995,48.659232000010746,K 1001/K 1002 bei Ehningen,K 1001/K 1077 bei Ehningen,6713,242
73201103,TM,L,1208,9.128607000000008,48.63705099999999,"L 1208/K 1050 Waldenbuch, Kreisverkehr","L 1185/L 1208 Waldenbuch, Kreisverkehr",13382,561
73201104,TM,L,1208,9.126549000000002,48.66929900000004,L 1208/K 1051 Steinenbronn,L 1208/K 1226 Echterdingen,10737,366
73201108,TM,L,1208,9.110922000000006,48.61103400000002,L 1208/K 6947 Dettenhausen,"L 1208 Kreisgrenze nördl. Dettenhausen, LK Tübingen/LK BB ",5289,229
73201109,TM,L,1208,9.096106000000017,48.60276000001067,L 1208/K 6912 südl. Dettenhausen,L 1208/K 6947 Dettenhausen,7814,480
73201110,TM,B,464,9.008674999999997,48.648726999999965,B 464/K 1077 bei Böblingen-Hulb,B 464/K 1001 bei Holzgerlingen,34417,835
73201200,TM,K,6947,9.098566000000002,48.60896199999999,westl. Ortsausgang Dettenhausen,L 1208/K 6947 Dettenhausen,4389,44
73201201,MZ,L,1192,9.157938000000003,48.69061199999996,L 1192/K 1227 Musberg,L 1192/L 1208 Echterdingen Mitte,21532,569
73201206,TM,L,1185,9.032883000000004,48.67493999999997,"L 1185/K 1055 Böblingen, Kreisverkehr ",L 1185/K 1074 Schönaich,8807,303
73201208,TM,L,1185,9.086692999999991,48.651787,L 1185/K 1048 bei Schönaich,"L 1185/L 1208 Waldenbuch, Kreisverkehr",2114,49
73201424,TM,K,1062,9.026689000000005,48.61625800001064,B 464/K 1062 bei Weil im Schönbuch,K 1049/K 1062 bei Weil im Schönbuch,9149,319
73201212,TM,K,1227,9.127918000000005,48.68397299999996,L 1208/K 1227 Siebenmühlental,L 1192/K 1227 Musberg,7096,209
73201403,TM,K,1051,9.089324,48.66504100000004,K 1051 Schönaich (getr. verl. Fahrbahn),L 1208/K 1051 Steinenbronn,9365,260
73201405,TM,K,1050,9.074838,48.62440300000004,K 1050/K 1062 bei Weil im Schönbuch,"L 1208/K 1050 Waldenbuch, Kreisverkehr",1782,34
73201412,TM,K,6947,9.093193650083956,48.61235141352397,K 1062/K 6947 Kreisgrenze westl. Dettenhausen,L 1208/K 6947 Dettenhausen,3477,77
73201413,TM,K,1057,9.054070999999992,48.67478799999997,K 1055/K 1057 bei Böblingen,"K 1051/K 1057 bei Schönaich, Kreisverkehr",12658,428
73211001,MZ,A,8,9.210490000000004,48.69288000000002,AS Stuttgart-Degerloch (52b),AS Stuttgart-Plieningen (53b),116169,13346
73211002,DZ,A,8,9.325364000000066,48.68425200001069,AS Esslingen (54),AS Wendlingen (55),107622,13788
73211069,MZ,A,8,9.280356000000005,48.694910999999976,AS Stuttgart-Plieningen (53b),AS Esslingen (54),90606,12564
73211101,TM,L,1208,9.167292999999995,48.69487,L 1208/K 1226 Echterdingen,B 27/L 1208 Echterdingen,11991,252
73211102,MZ,B,297,9.286238999999997,48.61772899999998,B 297/B 312 Neckartailfingen,B 297/K 1230 Neckarhausen,12486,926
73211103,MZ,B,297,9.318502999999994,48.62137699999997,B 297/K 1230 Neckarhausen,B 297/B 313 Nürtingen Wöhrtbrücke  Südseite,18480,955
73211104,MZ,L,1205,9.217802000000042,48.68644900001071,B 312/ L 1205 bei AS Stuttgart-Plieningen,B 312/L 1205 Bernhausen,13350,713
73211105,MZ,L,1209,9.217162000000044,48.67830400001073,B 312/ K 9515 Bernhausen (Filterstadt),B 27/K 1224/K 1225 ,9417,324
73211106,TM,B,312,9.249278,48.621752999999984,B 312/K 1228/K 1256 AS Neckartailfingen,B 312/K 1228 AS. Aich/Süd,28371,1735
73211107,TM,B,313,9.323263999999998,48.610746000000006,B 297/K 1231 bei Raidwangen,B 297/B 313 Nürtingen Wöhrtbrücke  Südseite,21113,778
73211108,MZ,B,313,9.330308000000066,48.63020800001072,B 297/B 313 Nürtingen Wöhrtbrücke  Nordseite,B 313/K 1220 Abzw. Zizishausen,33331,1647
73211109,DZ,B,27,9.179716000000004,48.68393600000003,B 27/B 312 Verflechtung,B 27/L 1208 Echterdingen,82092,4785
73211110,MZ,B,27,9.22657300000005,48.62914800001069,B27/B464 bei Gniebel,B 27/B 312 Verflechtung,34949,1055
73211111,TM,K,9515,9.206743000000008,48.69263500000003,K 1272 / GV-Straße 30 Messe Stuttgart,B 312/ K 9515 Bernhausen (Filterstadt),10552,1066
73211200,TM,L,1185,9.218119999999995,48.62324300000002,L 1185/L 1209 Burkhardtsmühle,L 1185/K 1228 Aich,6761,207
73211201,TM,L,1185,9.280736000000005,48.63274700000002,L 1185/K 1228 Aich,L 1185/L 1205 Oberensingen Abzw. Aichtal,5146,166
73211202,MZ,L,1192,9.180344000000002,48.694155,L 1192/L 1208 Echterdingen Mitte,B 27/GV-Straße 30 Messe Stuttgart,8327,199
73211203,TM,L,1200,9.317818999999997,48.693883,L 1192/L 1200 Umfahrung Nellingen,L 1200/L 1204 Denkendorf,7256,189
73211204,TM,L,1200,9.347954,48.68610799999995,L 1200/L 1204 Denkendorf,L 1200/K1266 Köngen Kreisverkehr,8625,259
73211205,TM,L,1202,9.286022,48.66357999999999,L 1202/L 1205 Wolfschlugen,L 1202/L 1204 Neuhausen,6254,121
73211206,TM,L,1202,9.278442000000066,48.686165000010746,L 1202/L 1205 Wolfschlugen,L 1202/L 1204 Neuhausen,8182,175
73211208,TM,L,1205,9.230445000000003,48.67669000000004,B 312/L 1205 Bernhausen,L 1205/K 1225 Sielmingen,7931,297
73211209,TM,L,1205,9.306812000000006,48.64498699999998,L 1202/L 1205 Wolfschlugen,L 1185/L 1205 Oberensingen Mitte,8913,310
73211211,TM,L,1208,9.182357,48.68273300000002,L 1192/L 1208 Echterdingen,L 1208 A/L1209 Bernhausen,10997,299
73211212,TM,L,1209,9.183010023296443,48.64512705508778,L 1185/L 1209 Burkhardtsmühle,B 312/L 1209 Bernhausen,5380,153
73211213,TM,L,1209,9.233385999999998,48.680956,L 1205/L 1209 Bernhausen,L 1209/K 1225 Sielmingen,6893,212
73211214,TM,L,1209,9.261437000000054,48.68565900001073,L 1209/K 1225 Sielmingen,L 1204/L 1209 Umfahrung Neuhausen,9878,569
73211215,TM,K,1256,9.212559000000008,48.60287100000005,K 6764/K 6717 südl. Häslach,K 1256 Ende/B 312 Seitenarm bei AS Neckartailfingen,2908,119
73211216,TM,L,1204,9.301163999999998,48.68987400000002,L 1202/L 1204 Neuhausen,L 1200/L 1204 Denkendorf,6659,349
73211217,TM,L,1205,9.282543961415502,48.65946266631853,L 1205/K 1225 Sielmingen,L 1202/L 1205 Wolfschlugen,4767,170
73211401,TM,K,1226,9.166965,48.67847199999997,L 1208/K 1226 Echterdingen,L 1209/K 1226 Plattenhardt,6461,243
73211405,TM,K,1222,9.276519000000002,48.638406,L 1185/K 1222 Grötzingen Abzw. Wolfschlugen,L 1205/K 1222 Wolfschlugen,1910,16
73211411,TM,K,1225,9.230595000000005,48.64773300000001,Beginn K 1225 bei Aich,B 27/K 1224/K 1225 ,5683,224
73211413,TM,K,1257,9.26604500000006,48.60436100001065,K1228/K 1257 Neckartailf. Rathaus,K 1231/K 1257 Abzw. Altdorf,2887,125
73221001,MZ,A,8,9.4488460000001,48.63271900001069,AS Kirchheim (Teck)-West (56),AS Kirchheim (Teck)-Ost (57),96937,13395
73221067,MZ,A,8,9.364814999999997,48.66696300000003,AS Wendlingen (55),AS Kirchheim (Teck)-West (56),77704,12922
73221101,MZ,B,297,9.348195999999993,48.62509,B 297/L 1250 Nürtingen,B 297/K 1243 Nürtingen,16706,424
73221102,TM,B,297,9.405270000000003,48.6341,B 297/K 1243 Nürtingen,B 297/L 1200A Kirchheim unter Teck,11474,363
73221105,TM,B,297,9.462618,48.64894800000003,B 297/L 1200 Kirchheim,"B 297/L 1200 Kirchheim \""Schlierbacher Dreieck\""",17501,704
73221106,TM,B,297,9.476818000000108,48.65791600001071,"B 297/L 1200 Kirchheim \""Schlierbacher Dreieck\""",B297/L 1152 AS. Schlierbach,11983,552
73221107,MZ,B,297,9.34132100000007,48.62458300001066,B 297/B 313 Nürtingen Wöhrtbrücke  Südseite,B 297/L 1250 Nürtingen,19726,527
73221108,MZ,B,313,9.336998000000076,48.65288700001071,B 313/K 1220 Abzw. Zizishausen,AS Wendlingen A 8/B 313 (055),39348,1719
73221109,MZ,B,313,9.37675,48.684082999999966,AS Wendlingen A 8/B 313 (055),"B 10/B 313 \""Plochinger Dreieck\""",57489,3513
73221110,MZ,B,465,9.455705000000004,48.62920000000002,B 465/K 1250 Dettingen,AS Kirchheim (Teck)-Ost A 8 (057),27854,1125
73221111,MZ,B,297,9.455731000000092,48.63207500001068,AS Kirchheim (Teck)-Ost A 8 (057),"B 297 Kirchheim AS. \""Hochhaus\""",23541,817
73221112,MZ,B,297,9.459564999999994,48.637965999999984,"B 297 Kirchheim AS. \""Hochhaus\""",B 297/L 1200 Kirchheim,19462,980
73221113,TM,B,465,9.453550000000003,48.60996999999999,B 465/L 1210 Owen,B 465/K 1250 Dettingen,17067,710
73221200,MZ,L,1200,9.367260000000009,48.676648,L 1200/K1266 Köngen Kreisverkehr,B 313/L 1200 AS. Wendlingen,14203,366
73221201,TM,L,1200,9.402199999999995,48.665066,B 313/L 1200 AS. Wendlingen,"B 297/L 1200 Kirchheim \""Schlierbacher Dreieck\""",9151,351
73221203,TM,L,1207,9.425179000000089,48.68571100001071,B 313/L 1207 AS. Wernau,L 1207/K 1205 Abzw. Ötlingen-Notzingen,14407,315
73221204,TM,L,1207,9.430297000000005,48.67209999999998,L 1207/L 1250/K 1266 Wernau,L 1200/L 1207 Kirchheim,8953,184
73221206,TM,K,1265,9.496072,48.64213399999999,L 1200/K 1265 Jesingen,K 1421/K 1445 Zell u. A.; Kreisverkehr,2379,83
73221207,TM,L,1250,9.349662000000066,48.60654500001062,L 1250/K 1439 Frickenhausen,B 297/L 1250 Nürtingen,14087,313
73221208,MZ,L,1250,9.365230000000006,48.66000999999998,B 297/L 1250 Nürtingen Steinengrabenstraße,L 1200/L 1250 Wendlingen,6832,360
73221211,TM,L,1201,9.457574000000006,48.66126399999999,L 1201 Auffahrt zur L 1200,L 1201/K 1205 Notzingen,6639,191
73221212,TM,L,1201,9.45361,48.68288300000003,L 1201/K 1205 Notzingen,L 1201/K 1207 Hochdorf,6086,156
73221213,MZ,L,1201,9.461671999999997,48.69514900000002,L 1201/K 1207 Hochdorf,L 1192/L 1201 Querspange Reichenbach,11890,313
73221403,TM,K,1205,9.446628264535624,48.669422560879504,L 1207/K 1205 Abzw. Ötlingen-Notzingen,L 1201/K 1205,3468,94
73221412,TM,K,1250,9.460798000000004,48.618191999999965,B 465/K 1250 Dettingen,K 1250/K 1253 Abzw. Diepoldsburg,10785,358
73221414,TM,K,1266,9.39108200000008,48.69119200001071,L 1200/K1266 Köngen Kreisverkehr,L 1207/L 1250/K 1266 Wernau,3502,71
73221415,TM,K,1219,9.363349384733882,48.65958145674339,L 1250/K 1219 Zizishausen,B 313/L 1200 AS. Wendlingen,4415,208
73221416,TM,K,1243,9.386013000000004,48.60635399999997,B 297/K 1243 Nürtingen,L 1210/K1243 Abzw. Tiefenbachtal,2249,61
73231411,TM,K,1422,9.498122999999998,48.69076399999998,L 1201/K 1207 Hochdorf,L 1152/K 1422 Roßwälden,4962,102
74191208,TM,L,1184,8.956914999999995,48.62023800000003,L 1184/K 1045 bei Hildrizhausen,L 1184/K 1000 Hildrizhausen,4621,92
74211108,TM,B,297,9.249015000000004,48.60025199999996,B 297/L 1208B Neckartenzlingen,B 297/B 312 Neckartailfingen,10720,554
70191223,TM,L,1125,8.953207999999998,48.94546800000002,B 10/L 1125 bei Vaihingen an der Enz,"L 1106/L 1125/K 1697 Kleinglattbach, Kreisverkehr",8801,1371
70231416,TM,K,1842,9.496138000000004,48.912972,"K1841/K1842, WN*Cottenweiler;bei","K1842/K1908, WN*Oberweissach (Mitte)",345,11
71221413,TM,K,1845,9.401701999999998,48.89706699999997,"K1845/K1847, WN*Leutenbach","B14/K1845, WN*Nellmersbach;bei",5208,80
71221417,TM,K,1847,9.379529000000083,48.895029000010965,"L1114/K1847, WN*Weiler z.St. (Mitte)","K1845/K1847, WN*Leutenbach",3974,118
70221416,TM,K,1848,9.360556,48.90387700000005,"L1127/K1848, WN*Gollenhof;beim","L1114/K1848, WN*Weiler z.St. (West)",304,11
71221407,TM,K,1851,9.424949000000003,48.88221499999999,"K1851/K1914, WN*Höfen;bei","L1120/K1851, WN*Hertmannsweiler (Mitte)",3998,110
71211404,TM,K,1855,9.249659,48.832948,"K 9500/K 1855 Kreisgr. b.i Stgt.-Neugereut, SK S/R-M-K","K1855/K1910, WN*Schmiden (West)",9945,170
71221408,TM,K,1858,9.349461,48.84011099999994,"B14/K1858, WN*Korb, \""Korb\"" (Anschlußstelle)","K1858/K1912, WN*Korb,Waiblinger-/Winnender Str.",11814,316
71221409,TM,K,1859,9.332060000000004,48.826149,"K1859/K1859 Seitenarm, WN*Waiblingen, \""Talaue\"" (Querspange)",L 1193/K 1859 bei WN*Beinstein,4814,284
71221402,TM,K,1862,9.378262,48.80981100000002,"K1862/K1864, WN*Beutelsbach","K 1862/ K 1866 Beutelsbach, Kreisverkehr",12093,355
72221408,TM,K,1865,9.454851000000096,48.7824700000109,"K1862/K1865, WN*Schnait","L1150/K1865, WN*Manolzweiler;bei, \""Goldboden\""",1425,29
71221424,TM,K,1866,9.398668000000004,48.81786399999995,"K 1866/K 1912, WN*Großheppach","K1866 Seitenarm, WN*Remshalden, AS Remsh.-West (Quersp.)",4730,65
71221425,TM,K,1866,9.409010999999994,48.81746600000002,"K1866 Seitenarm, WN*Remshalden, AS Remsh.-West (Quersp.)","K 1866/K 1913, WN*Grunbach",5411,118
71221411,TM,K,1869,9.442381000000005,48.84590600000001,"L1140/K1869, WN*Steinach (Süd)","L1140/K1869, bei WN*Birkmannsweiler",528,30
71221427,TM,K,1870,9.456821,48.85397499999996,"K1870, WN*Bretzenacker","K1870/K1915, WN*Oppelsbohm;bei, \""Volkhardsmühle\""",744,19
71221429,TM,K,1872,9.491649,48.85224399999996,"K1872/K1916, WN*Birkenweißbuch (Mitte)","K1872/K1873, WN*Vorderweißbuch",526,71
71221430,TM,K,1874,9.496485000000003,48.84899800000005,"K1874/K1916, WN*Birkenweißbuch;östlich","K1873/K1874, WN*Streich;bei",1550,70
71221414,TM,K,1875,9.496897000000002,48.86295000000001,"K1873/K1875, WN*Necklinsberg;bei","K1875, WN*Necklinsberg",920,54
70221419,TM,K,1908,9.496250000000002,48.92241800000001,"K1841/K1908, WN*Aichholzhof;beim, \""Seemühle\""","K1838/K1908, WN*Oberweissach (West)",6606,179
71221431,TM,K,1913,9.415630999999996,48.82209000000002,"K 1866/K 1913, WN*Grunbach","K1868/K1913, WN*Breuningsweiler;bei",2379,46
72221413,TM,K,1865,9.466112000000098,48.77716800001083,"L1150/K1865, WN*Manolzweiler;bei, \""Goldboden\""","K1209/K1865, WN/ES*Kreisgrenze bei Manolzweiler-\""Goldboden\""",3373,72
70221216,TM,L,1080,9.49126200000011,48.898151000011005,"L1080/K1841, WN*Allmersbach i.T.;bei","L1080/L1120, WN*Königsbronnhof;beim, \""Königsbronnhofkreuzg.\""",6852,291
70221424,TM,K,1841,9.480378000000108,48.902192000011,"L1080/K1841, WN*Allmersbach i.T.;bei","K1841/K1908, WN*Aichholzhof;beim, \""Seemühle\""",2494,72
70221103,TM,B,14,9.434316999999997,48.92627899999997,"B14/ K1907, WN*Waldrems","B14/L1080, WN*Backnang, \""Spritnase\""",20230,1106
70221102,TM,B,14,9.433920999999994,48.93611000000004,"B14/L1080, WN*Backnang, \""Spritnase\""","B 14/L 1115/K 1832 AS WN*Backnang, \""Krähenbachkreuzung\""",25396,2108
70221420,TM,K,1897,9.406704999999992,48.93613399999997,B 14/K 1897 AS Backnang-Mitte,"K1832/K1897, WB*Backnang, Aspacher Str.",5676,242
70221421,TM,K,1906,9.407001,48.92533300000001,"K 1897/K 1906, WN*Erbstetten (Ost), Kreisverkehr","B 14/K 1906, WN*Maubach",2331,54
71221433,TM,K,1898,9.38648500000008,48.88362600001103,L1127/K1889 Leutenbach,K1847/K1889 Leutenbach,10588,182
70221422,TM,K,1831,9.404581000000096,48.93600000001111,"K 1831/K 1897, WN*Oberschöntal;südlich",L 1115/K 1831 WN*Großaspach;südlich,1492,105
70221423,TM,K,1907,9.448042000000097,48.92253100001101,"B14/ K1907, WN*Waldrems","L1080/K1907, WN*Unterweissach;bei, Kreisverkehr",8233,149
71221225,TM,L,1120,9.459723000000002,48.89125199999997,"L1120/K1914/K1915, WN*Stöckenhof","L1080/L1120, WN*Königsbronnhof;beim, \""Königsbronnhofkreuzg.\""",5674,117
73191210,TM,L,1182,8.909305999999999,48.71028299999998,L 1182/L 1183/K 1073 Sindelfingen-Darmsheim,L 1182/K 1064 bei Grafenau,11127,262
73191414,TM,K,1045,8.904531999999977,48.62183600001069,B 14/K 1044 bei Nufringen,K 1045/K 1046 Gärtringen-Rohrau,2130,63
73191423,TM,K,1079,8.900012000000002,48.634738,"K 1067/K 1079 bei Gärtringen, Kreisverkehr",B 14/K 1079 Gärtringen,12493,669
73191421,TM,K,1002,8.926035000000006,48.65387599999996,K 1002/K 1077 bei Ehningen,K 1002 bei Ehningen (Rampe),4289,308
73191415,TM,K,1046,8.919447999999976,48.62961200001063,K 1045/K 1046 Gärtringen-Rohrau,"K 1046/K 1077 Gärtringen, Kreisverkehr",3110,89
73191422,TM,K,1000,8.940124999999986,48.673566000010695,K 1000/K 1001 Ehningen,K 1000/K 1066 bei Sindelfingen-Darmsheim,4398,124
73191416,TM,K,1045,8.936380999999981,48.62332000001064,B 14/K 1044 bei Nufringen,L 1184/K 1045 bei Hildrizhausen,1387,16
73191209,TM,L,1184,8.984253999999995,48.62688899999999,L 1184/K 1000 Hildrizhausen,"B 464/L 1184 bei Holzgerlingen, Kreisverkehr oben",8407,240
72191409,TM,K,1009,8.972989999999998,48.77740599999995,K 1008/K 1009 Leonberg-Warmbronn,B 295/K 1009 bei Leonberg,4548,192
72191410,TM,K,1008,9.002223000000004,48.76253399999996,K 1008 OD Warmbronn bei Renningen,L 1188/K 1008 bei Leonberg (Frauenkreuz),2016,63
72191408,TM,K,1006,8.915713000000006,48.74613100000003,K 1007/K 1006 bei Weil der Stadt,K 1006/B 464 Anschlussrampen (West) AS Magstadt-Nord,3084,85
72201223,TM,L,1187,9.046426000000002,48.76824399999997,L 1187/L 1188 bei Leonberg (Glemseck),"L1187/L1189, S*Stgt.-Büsnau;bei, \""Schattengrund\""",7852,315
72191418,TM,K,1011,8.997050999999999,48.785175,L 1187/K 1011 bei Leonberg,B 295/K 1011 bei Leonberg,9584,241
72191106,TM,B,295,8.915379999999995,48.751221000000015,B 295/K 1007 bei Weil der Stadt,B 295/K 1015 bei Renningen,16180,703
72191414,TM,K,1060,8.921987999999995,48.772105999999965,LED Kreisverkehr Schnallenecker,K1015 Kreisverkehr (Bauhof),10334,722
71191411,TM,K,1013,8.909332000000003,48.82313800000003,L 1180/ K 1013 Rutesheim-Perouse,"K1013/K1017 bei Flacht, Kreisverkehr",5838,164
71191236,TM,L,1180,8.904528,48.81611099999999,"Perouse, Wilhelm Koppstraße",K1013 KV Perouse,7180,248
71191234,TM,L,1177,8.908311,48.85044899999997,L 1134 / L 1177 bei Mönsheim,L1177/K1018 Weissach,3693,165
71191409,TM,K,1017,8.933367000000002,48.819779000000025,"K1013/K1017 bei Flacht, Kreisverkehr","K 1017/K 1082 bei Rutesheim, Kreisverkehr 1",5923,216
71191237,TM,K,1060,8.931579999999997,48.81054200000001,K1082 Bürger King,K1013 Kreisverkehr Brunnen,4220,179
71191413,TM,K,1082,8.945345999999994,48.81717599999997,"K 1017/K 1082 bei Rutesheim, Kreisverkehr 1","K 1082/ K 1017 bei Rutesheim, Kreisverkehr 2",10167,373
71191414,TM,K,1082,8.953736000000001,48.81451500000001,"K 1082/ K 1017 bei Rutesheim, Kreisverkehr 2","K 1059/K 1082 bei Rutesheim, Kreisverkehr",9917,285
71191412,TM,K,1082,8.934363999999995,48.81489299999996,K1060 Bürger King,K1017 KV Flacht,6533,262
71191415,TM,K,1017,8.952158999999998,48.82148100000001,"K 1082/ K 1017 bei Rutesheim, Kreisverkehr 2",K 1017/K 1653 Kreisgrenze LK Böblingen/LK Ludwigsburg,6081,335
71191407,TM,K,1011,8.987791000000001,48.80598899999999,K 1011/K 1082 bei Leonberg,K1011/K1059 Gebersheim,4578,126
71191408,TM,K,1059,8.986487999999992,48.81179900001091,K1011/K1059 Gebersheim,L 1136/K 1059 Leonberg-Höfingen,7266,137
72191413,TM,K,1015,8.920483,48.76756699999997,Kreisverkehr K1060 Renningen,Kreisverkehr Malmsheim,7312,168
73201423,TM,K,1074,9.032075000000006,48.63910100001066,B 464 /K 1074 bei Holzgerlingen,K 1048/K 1074 bei Holzgerlingen,10087,235
73201419,TM,K,1048,9.040556000000006,48.63857400001069,K 1048/K 1074 bei Holzgerlingen,K 1048/K 1049 bei Weil im Schönbuch-Breitenstein,5277,164
73201415,TM,K,1048,9.05617000000002,48.63784200001071,K 1048/K 1049 bei Weil im Schönbuch-Breitenstein,L 1185/K 1048 bei Schönaich,2066,128
73201416,TM,K,1049,9.055810000000006,48.63400200001072,K 1048/K 1049 bei Weil im Schönbuch-Breitenstein,K 1049/K 1062 bei Weil im Schönbuch,4833,88
73201414,TM,K,1062,9.07934000000002,48.61463700001064,B 464/K 1062 bei Weil im Schönbuch,K 1062/K 6947 Kreisgrenze westl. Dettenhausen,2669,78
73201422,TM,K,1058,9.058203999999996,48.61175099999999,B 464/K 1058 bei Weil im Schönbuch,K 1058 Ende in Weil im Schönbuch,1074,18
73201215,TM,L,1208,9.131906999999998,48.626982000000005,"L 1208 Kreisgrenze nördl. Dettenhausen, LK Tübingen/LK BB ","L 1208/K 1050 Waldenbuch, Kreisverkehr",5340,236
73191417,TM,K,1001,8.995915000000002,48.64678900000001,K 1000/K 1001 Ehningen,"K 1001/ B 464 bei Holzgerlingen, Kreisverkehr",2349,22
73201113,TM,B,464,9.006514999999998,48.63939799999999,B 464/K 1001 bei Holzgerlingen,"B 464/L 1184 bei Holzgerlingen, Kreisverkehr oben",27931,1106
73201114,TM,B,464,9.011181999999996,48.63187400000003,"B 464/L 1184 bei Holzgerlingen, Kreisverkehr oben",B 464 /K 1074 bei Holzgerlingen,24374,1051
73201112,TM,B,464,9.021468,48.623516000000016,B 464 /K 1074 bei Holzgerlingen,B 464/K 1062 bei Weil im Schönbuch,18965,667
73201421,TM,K,1051,9.137934999999995,48.65687799999996,"L 1208/K 1051 Steinenbronn, Kreisverkehr",K 1051/K 1053/K 1054 bei Waldenbuch,5146,202
73201417,TM,K,1053,9.142857000000037,48.65105400001069,L 1208/K 1053 Waldenbuch,K 1051/K 1053/K 1054 bei Waldenbuch,5279,210
73201210,TM,L,1185,9.16007,48.63544500000001,L 1208/L 1185 Waldenbuch,L 1185/L 1209 Burkhardtsmühle,7755,219
73201211,TM,L,1208,9.127544000000007,48.65025699999997,"L 1185/L 1208 Waldenbuch, Kreisverkehr",L 1208/K 1051 Steinenbronn,7725,238
73201420,TM,K,1074,9.052165000000011,48.65320600001069,K 1048/K 1074 bei Holzgerlingen,L 1185/K 1074 Schönaich,9585,245
73201213,TM,L,1185,9.069800999999998,48.64930099999996,L 1185/K 1074 Schönaich,L 1185/K 1048 bei Schönaich,4964,163
72191001,MZ,A,8,8.990114999999996,48.78583100000002,AS Leonberg-West A 8/B 295 (048),AD Leonberg A8/A81 (49/19),99734,16582
70191413,TM,K,1698,8.955762000000005,48.947562000000005,K 1697/K 1698 bei Vaihingen a.d.E,"L 1125/K 1698 bei Vaihingen a.d.E., Kreisverkehr",5541,820
71221108,MZ,B,14,9.38728200000008,48.88329000001097,"B14, WN*Winnenden;bei, \""Winnenden-Süd\"" (Gabelung)","B14/K1845, WN*Nellmersbach;bei",31616,1317
72191105,TM,B,464,8.954397999999998,48.709317,B 464/K 1004 bei Sindelfingen-Maichingen,B 464/L 1183 bei Sindelfingen,20980,1482
71211113,MZ,B,14,9.315417000000004,48.81691499999997,"B14/L1193, WN*Waibl., \""Waiblingen-Süd\"" (Gabelung u. AS)","B14/B14 getr.verl.FB, WN*Waiblingen;bei",79382,3141
70211407,TM,K,1835,9.330986000000069,48.93692900001109,"K 1604/K 1835 Kreisgr. b. Affalterb., LK LB/Rems-Murr-Kreis","K1834/K1835, WN*Kirchberg a.d.M. (West)",1895,156
70221217,TM,L,1114,9.349091000000085,48.9486780000111,"L1114/K1834, WN*Kirchberg a.d.M. (Ost)","L1114/L1124, WN*Frühmeßhof;beim",2761,109
71221434,TM,K,1868,9.421957000000091,48.85265600001095,"K1868/K1913, WN*Breuningsweiler;bei","K1868/K1869, WN*Lehnenberg;bei",637,27
72191419,TM,K,1064,8.923376,48.71513600000003,L 1182/K 1064 bei Grafenau,"L 1185/K 1004/K 1064 Sindelfingen-Maichingen, Kreisverkehr",5214,140
72191232,TM,L,1189,8.939258999999995,48.73281399999997,L 1182/L 1189 bei Weil der Stadt-Schafhausen,B 464/L 1189 Sindelfingen-Maichingen,1533,18
72191108,TM,B,295,8.934328999999995,48.759222,B 295/K 1015 bei Renningen,B 295/B 464 AS Renningen-Süd,22978,1280
72191110,TM,B,464,8.951021000000004,48.73344600000004,B 464/L 1189 Sindelfingen-Maichingen,B 464/K 1004 bei Sindelfingen-Maichingen,27518,2265
72191423,TM,K,1060,8.927570000000001,48.78076799999995,K1060 Industriegebiet Renningen,K1013 Kreisverkehr Brunnen,6315,165
73191433,TM,K,1001,8.911802999999987,48.67730600001076,K 1001/K 1066 bei Aidlingen,K 1001/K 1002 bei Ehningen,2033,27
73191202,TM,K,1066,8.922878,48.67997700000002,K 1022/K 1066 Aidlingen-Deufringen,L 1183/K 1066 bei Sindelfingen,8746,222
72191420,TM,K,1008,8.959076999999997,48.76145600000003,Warmbronn,Renningen,2130,60
70191224,TM,L,1135,8.939516000000005,48.906476000000005,71190380,70190050,2706,114
73191436,TM,K,1066,8.945025000000001,48.68955799999999,OD Darmsheim/ K1000,OD Dagersheim,11622,433
73191437,TM,K,1063,8.900800999999992,48.68524799999997,K1066 Aidlingen,K1003 Lehenweiler,2701,82
73191438,TM,K,1004,8.949206000000002,48.705515,B464/Maichingen,Darmsheim,4198,188
72191422,TM,K,1004,8.954815999999996,48.71804100000003,Maichingen,B464/ Darmsheim,4974,119
73191434,TM,K,1066,8.962284999999994,48.695723000000015,L1183/ Sindefingen/Darmsheim,Dagersheim,8228,280
73191435,TM,K,1066,8.943724999999999,48.68850299999995,K1000 Darmsheim (WAP),KB K1000/ K1066 Aid/Ehn,11857,1010
72221414,TM,K,1209,9.48687,48.76414900000003,Kreisgrenze WN/ ES,Kreuzung L 1151,2810,56
72221415,TM,K,1210,9.438460999999997,48.75119299999996,Baltmannsweiler,Baach,1081,8
72221416,TM,K,1212,9.390217999999996,48.76933299999997,Aichwald-Schanbach,Kreisgrenze ES/WN,4399,151
72221417,TM,K,1267,9.380505999999995,48.74411099999997,Kreuzung K 1213,KVP Aichschieß L 1201,5098,161
72211405,TM,K,1214,9.333937000000006,48.76101200000001,Kreuzung K 1214 Jägerhaus,LKreuzungt L 1199,3398,115
72221418,TM,K,1211,9.410628000000004,48.71067099999996,B 10 AS Deizisau,KVP L 1250 Wernau,6138,227
72211406,TM,K,1217,9.237808999999991,48.71450800000003,Kreuzung L 1192,Kreuzung K 1217 / K 1218,6999,233
73211415,TM,K,1269,9.247637999999997,48.702436,Kreuzung L 1204 / K 1269,Kreuzung L 1192 / K 1269,9625,389
73211416,TM,K,1223,9.249586999999998,48.63852800000004,Kreuzung K 1225 / K 1223,Kreuzung L 1185 / K 1223,4125,148
73211417,TM,K,1226,9.184629000000005,48.66130100000003,Kreuzung K 1255 / K 1226,Kreuzung L 1209 / K 1226,5089,301
72191234,TM,L,1189,8.956774000000006,48.73719400000002,7219076,7219082,4995,223
72191233,TM,L,1189,8.965127000000004,48.73373299999997,7219082,7219047,3139,156
73211418,TM,K,1228,9.249437999999994,48.617406,7321103,7321062,1166,8
73211419,TM,K,1229,9.28621500000001,48.608866000000006,73210080,73210110,2254,21
71201231,TM,L,1137,9.035782,48.809999,7120008,7120102,8527,264
72201225,TM,L,1189,9.003715000000001,48.73538699999999,7219047,7220013,6488,204
72201226,TM,L,1188,9.036611000000002,48.75047800000003,7220017,7220043,7328,232
71201232,TM,L,1136,9.022872000000003,48.82703800000001,7120014,7120101,3976,111
73201425,TM,K,1051,9.072444999999997,48.662114999999964,7320054,7320057,8182,253
71201233,TM,L,1136,9.013401000000004,48.808034999999975,x,y,4542,408